"label","id","Kingdom","Phylum","Class","Order","Family","Genus","Species","name","abun"
"Zotu1","Zotu1","Bacteria","Proteobacteria","Betaproteobacteria","Rhodocyclales","Rhodocyclaceae",NA,NA,"Zotu1",6289.33333333333
"Zotu10","Zotu10","Bacteria","Firmicutes","Bacilli","Bacillales","Paenibacillaceae","Paenibacillus","uncultured bacterium","Zotu10",2734.08333333333
"Zotu100","Zotu100","Bacteria","Bacteroidetes","Bacteroidia","Bacteroidales","Porphyromonadaceae","uncultured","uncultured bacterium","Zotu100",115.916666666667
"Zotu10065","Zotu10065","Bacteria","Proteobacteria","Betaproteobacteria","Rhodocyclales","Rhodocyclaceae",NA,NA,"Zotu10065",117.083333333333
"Zotu1016","Zotu1016","Bacteria","Proteobacteria","Betaproteobacteria","Burkholderiales","Comamonadaceae","Hydrogenophaga","uncultured bacterium","Zotu1016",86
"Zotu102","Zotu102","Bacteria","Chlorobi","Ignavibacteria","Ignavibacteriales","BSV26","uncultured bacterium",NA,"Zotu102",8.5
"Zotu1029","Zotu1029","Bacteria","Proteobacteria","Betaproteobacteria","Rhodocyclales","Rhodocyclaceae","uncultured",NA,"Zotu1029",23.4583333333333
"Zotu10300","Zotu10300","Bacteria","Proteobacteria","Betaproteobacteria","Nitrosomonadales","Gallionellaceae","Sideroxydans","uncultured bacterium","Zotu10300",31.4583333333333
"Zotu1035","Zotu1035","Bacteria","Bacteroidetes","Bacteroidia","Bacteroidales","Porphyromonadaceae","uncultured",NA,"Zotu1035",10.125
"Zotu1036","Zotu1036","Bacteria","Spirochaetae","Spirochaetes","Spirochaetales","Leptospiraceae","Turneriella","uncultured organism","Zotu1036",8.20833333333333
"Zotu10402","Zotu10402","Bacteria","Bacteroidetes","Bacteroidetes vadinHA17","uncultured bacterium",NA,NA,NA,"Zotu10402",10.5833333333333
"Zotu10430","Zotu10430","Bacteria","Proteobacteria","Betaproteobacteria","Rhodocyclales","Rhodocyclaceae","uncultured",NA,"Zotu10430",30.5833333333333
"Zotu1057","Zotu1057","Bacteria","Proteobacteria","Deltaproteobacteria","Desulfovibrionales","Desulfovibrionaceae","Desulfovibrio","uncultured bacterium","Zotu1057",11
"Zotu1064","Zotu1064","Bacteria","Bacteroidetes","SB-5",NA,NA,NA,NA,"Zotu1064",11.5833333333333
"Zotu1073","Zotu1073","Bacteria","Proteobacteria","Gammaproteobacteria","Methylococcales",NA,NA,NA,"Zotu1073",11.8333333333333
"Zotu1089","Zotu1089","Bacteria","Proteobacteria","Deltaproteobacteria","Myxococcales","P3OB-42","uncultured bacterium",NA,"Zotu1089",17.1666666666667
"Zotu1092","Zotu1092","Bacteria","Nitrospirae","Nitrospira","Nitrospirales","4-29",NA,NA,"Zotu1092",8.20833333333333
"Zotu110","Zotu110","Bacteria","Proteobacteria","Deltaproteobacteria","Myxococcales","Cystobacteraceae","Anaeromyxobacter","uncultured bacterium","Zotu110",112.208333333333
"Zotu1105","Zotu1105","Bacteria","Actinobacteria","Actinobacteria","Kineosporiales","Kineosporiaceae","Kineosporia","uncultured bacterium","Zotu1105",14.3333333333333
"Zotu1113","Zotu1113","Bacteria","Firmicutes","Bacilli","Bacillales","Paenibacillaceae","Paenibacillus","uncultured bacterium","Zotu1113",87.0833333333333
"Zotu1114","Zotu1114","Bacteria","Bacteroidetes","Bacteroidia","Bacteroidia Incertae Sedis","Prolixibacteraceae","Prolixibacter","uncultured bacterium","Zotu1114",9.91666666666667
"Zotu11141","Zotu11141","Bacteria","Proteobacteria","Betaproteobacteria","Rhodocyclales","Rhodocyclaceae","Azospira","uncultured bacterium","Zotu11141",8.66666666666667
"Zotu1117","Zotu1117","Bacteria","Proteobacteria","Deltaproteobacteria","Desulfuromonadales","Geobacteraceae","Geobacter",NA,"Zotu1117",21.5
"Zotu1127","Zotu1127","Bacteria","Spirochaetae","Spirochaetes","Spirochaetales","Spirochaetaceae","Spirochaeta 2",NA,"Zotu1127",11.375
"Zotu1142","Zotu1142","Bacteria","Proteobacteria","Betaproteobacteria","Rhodocyclales","Rhodocyclaceae","uncultured",NA,"Zotu1142",20.75
"Zotu1147","Zotu1147","Bacteria","Bacteroidetes","SB-5","uncultured bacterium",NA,NA,NA,"Zotu1147",7.95833333333333
"Zotu115","Zotu115","Bacteria","Proteobacteria","Deltaproteobacteria","Myxococcales","Cystobacteraceae","Anaeromyxobacter","uncultured bacterium","Zotu115",87.3333333333333
"Zotu1154","Zotu1154","Bacteria","Bacteroidetes","Bacteroidia","Bacteroidales","Porphyromonadaceae","uncultured","uncultured bacterium","Zotu1154",15.8333333333333
"Zotu1163","Zotu1163","Bacteria","Spirochaetae","Spirochaetes","Spirochaetales","Spirochaetaceae","uncultured",NA,"Zotu1163",11.0416666666667
"Zotu11729","Zotu11729","Bacteria","Proteobacteria","Betaproteobacteria","Rhodocyclales","Rhodocyclaceae",NA,NA,"Zotu11729",198.166666666667
"Zotu11736","Zotu11736","Bacteria","Proteobacteria","Betaproteobacteria","Rhodocyclales","Rhodocyclaceae","Zoogloea",NA,"Zotu11736",13.8333333333333
"Zotu1188","Zotu1188","Bacteria","Proteobacteria","Gammaproteobacteria","Xanthomonadales","Xanthomonadaceae","Silanimonas",NA,"Zotu1188",7.41666666666667
"Zotu1199","Zotu1199","Bacteria","Proteobacteria","Alphaproteobacteria","Rhizobiales","Methylocystaceae","Pleomorphomonas","uncultured bacterium","Zotu1199",12.0833333333333
"Zotu11993","Zotu11993","Bacteria","Proteobacteria","Betaproteobacteria","Nitrosomonadales","Gallionellaceae","Sideroxydans",NA,"Zotu11993",38.0416666666667
"Zotu12","Zotu12","Bacteria","Proteobacteria","Betaproteobacteria","Nitrosomonadales","Gallionellaceae","Sideroxydans","uncultured bacterium","Zotu12",1295.95833333333
"Zotu120","Zotu120","Bacteria","Proteobacteria","Betaproteobacteria","Burkholderiales","Comamonadaceae","Ideonella",NA,"Zotu120",123.458333333333
"Zotu1208","Zotu1208","Bacteria","Proteobacteria","Betaproteobacteria","Burkholderiales","Comamonadaceae","uncultured",NA,"Zotu1208",8.70833333333333
"Zotu121","Zotu121","Bacteria","Proteobacteria","Betaproteobacteria","Rhodocyclales","Rhodocyclaceae","Dechloromonas","uncultured bacterium","Zotu121",118.625
"Zotu12105","Zotu12105","Bacteria","Proteobacteria","Betaproteobacteria","Nitrosomonadales","Nitrosomonadaceae","uncultured",NA,"Zotu12105",24.0416666666667
"Zotu1218","Zotu1218","Bacteria","Proteobacteria","Betaproteobacteria","Rhodocyclales","Rhodocyclaceae","uncultured",NA,"Zotu1218",12.625
"Zotu1221","Zotu1221","Bacteria","Planctomycetes","vadinHA49","uncultured bacterium",NA,NA,NA,"Zotu1221",19.4583333333333
"Zotu1224","Zotu1224","Bacteria","Proteobacteria","Deltaproteobacteria","Myxococcales","Polyangiaceae","Polyangium","uncultured bacterium","Zotu1224",9.79166666666667
"Zotu1227","Zotu1227","Bacteria","Actinobacteria","Actinobacteria","Micromonosporales","Micromonosporaceae","Micromonospora",NA,"Zotu1227",15.0833333333333
"Zotu123","Zotu123","Bacteria","Proteobacteria","Betaproteobacteria","Burkholderiales","Comamonadaceae","Ideonella","uncultured beta proteobacterium","Zotu123",94.375
"Zotu1239","Zotu1239","Bacteria","Spirochaetae","Spirochaetes","Spirochaetales","Spirochaetaceae","uncultured","uncultured soil bacterium","Zotu1239",8.33333333333333
"Zotu12411","Zotu12411","Bacteria","Proteobacteria","Betaproteobacteria","Rhodocyclales","Rhodocyclaceae","uncultured",NA,"Zotu12411",9.16666666666667
"Zotu12413","Zotu12413","Bacteria","Proteobacteria","Deltaproteobacteria","Myxococcales","P3OB-42",NA,NA,"Zotu12413",28.75
"Zotu127","Zotu127","Bacteria","Proteobacteria","Betaproteobacteria","Rhodocyclales","Rhodocyclaceae",NA,NA,"Zotu127",156.291666666667
"Zotu1270","Zotu1270","Bacteria","Proteobacteria","Betaproteobacteria","Nitrosomonadales","Gallionellaceae","Sideroxydans",NA,"Zotu1270",17.0833333333333
"Zotu12783","Zotu12783","Bacteria","Proteobacteria","Betaproteobacteria","Rhodocyclales","Rhodocyclaceae",NA,NA,"Zotu12783",16.5833333333333
"Zotu128","Zotu128","Bacteria","Proteobacteria","Betaproteobacteria","Burkholderiales","Comamonadaceae",NA,NA,"Zotu128",179.625
"Zotu1283","Zotu1283","Bacteria","Bacteroidetes","Bacteroidia","Bacteroidales","Porphyromonadaceae","uncultured","uncultured bacterium","Zotu1283",9.08333333333333
"Zotu12851","Zotu12851","Bacteria","Proteobacteria","Alphaproteobacteria","Rhizobiales","Methylocystaceae","Pleomorphomonas","uncultured bacterium","Zotu12851",13.1666666666667
"Zotu1289","Zotu1289","Bacteria","Proteobacteria","Alphaproteobacteria","Rhizobiales","Bradyrhizobiaceae","Bradyrhizobium",NA,"Zotu1289",21.5
"Zotu1299","Zotu1299","Bacteria","Spirochaetae","Spirochaetes","Spirochaetales","Spirochaetaceae","uncultured","uncultured bacterium","Zotu1299",13.25
"Zotu13","Zotu13","Bacteria","Spirochaetae","Spirochaetes","Spirochaetales","Leptospiraceae","uncultured",NA,"Zotu13",1406.375
"Zotu132","Zotu132","Bacteria","Chlorobi","Chlorobia","Chlorobiales","SJA-28","uncultured bacterium",NA,"Zotu132",8.75
"Zotu1323","Zotu1323","Bacteria","Proteobacteria","Deltaproteobacteria","Myxococcales","Cystobacteraceae","Anaeromyxobacter",NA,"Zotu1323",29.3333333333333
"Zotu13236","Zotu13236","Bacteria","Proteobacteria","Betaproteobacteria","Rhodocyclales","Rhodocyclaceae",NA,NA,"Zotu13236",66.625
"Zotu1339","Zotu1339","Bacteria","Actinobacteria","Coriobacteriia","Coriobacteriales",NA,NA,NA,"Zotu1339",13.5833333333333
"Zotu135","Zotu135","Bacteria","Proteobacteria","Betaproteobacteria","Nitrosomonadales","Nitrosomonadaceae","uncultured","uncultured soil bacterium","Zotu135",35.5
"Zotu1351","Zotu1351","Bacteria","Proteobacteria","Deltaproteobacteria","Myxococcales","Polyangiaceae","Byssovorax","uncultured bacterium","Zotu1351",16.4166666666667
"Zotu13577","Zotu13577","Bacteria","Proteobacteria","Deltaproteobacteria","Myxococcales","P3OB-42",NA,NA,"Zotu13577",27.9583333333333
"Zotu1365","Zotu1365","Bacteria","Bacteroidetes","SB-5",NA,NA,NA,NA,"Zotu1365",11.5
"Zotu13667","Zotu13667","Bacteria","Proteobacteria","Betaproteobacteria","Rhodocyclales","Rhodocyclaceae",NA,NA,"Zotu13667",9.95833333333333
"Zotu13684","Zotu13684","Bacteria","Proteobacteria","Betaproteobacteria","Rhodocyclales","Rhodocyclaceae",NA,NA,"Zotu13684",20.5416666666667
"Zotu13752","Zotu13752","Bacteria","Proteobacteria","Betaproteobacteria","Nitrosomonadales","Gallionellaceae","Ferriphaselus","uncultured bacterium","Zotu13752",13.8333333333333
"Zotu1386","Zotu1386","Bacteria","Proteobacteria","Deltaproteobacteria","Myxococcales","P3OB-42",NA,NA,"Zotu1386",57.6666666666667
"Zotu1392","Zotu1392","Bacteria","Spirochaetae","Spirochaetes","Spirochaetales","Leptospiraceae","uncultured","uncultured Spirochaetales bacterium","Zotu1392",20.8333333333333
"Zotu1394","Zotu1394","Bacteria","Bacteroidetes","Sphingobacteriia","Sphingobacteriales","Saprospiraceae","Haliscomenobacter","uncultured bacterium","Zotu1394",9.08333333333333
"Zotu140","Zotu140","Bacteria","Proteobacteria","Deltaproteobacteria","Myxococcales","Cystobacteraceae","Anaeromyxobacter","uncultured bacterium","Zotu140",138.75
"Zotu1400","Zotu1400","Bacteria","Verrucomicrobia","OPB35 soil group","uncultured bacterium",NA,NA,NA,"Zotu1400",9.16666666666667
"Zotu14053","Zotu14053","Bacteria","Proteobacteria","Deltaproteobacteria","Myxococcales","Cystobacteraceae","Anaeromyxobacter","uncultured bacterium","Zotu14053",62.9166666666667
"Zotu14058","Zotu14058","Bacteria","Proteobacteria","Deltaproteobacteria","Myxococcales","Cystobacteraceae","Anaeromyxobacter","uncultured bacterium","Zotu14058",37.1666666666667
"Zotu14124","Zotu14124","Bacteria","Proteobacteria","Deltaproteobacteria","Myxococcales","P3OB-42","uncultured soil bacterium",NA,"Zotu14124",62.125
"Zotu14156","Zotu14156","Bacteria","Proteobacteria","Deltaproteobacteria","Myxococcales","Cystobacteraceae","Anaeromyxobacter",NA,"Zotu14156",31.625
"Zotu1417","Zotu1417","Bacteria","Proteobacteria","Deltaproteobacteria","Desulfuromonadales","Geobacteraceae","Geobacter",NA,"Zotu1417",8.83333333333333
"Zotu14179","Zotu14179","Bacteria","Proteobacteria","Betaproteobacteria","Nitrosomonadales","Gallionellaceae","Sideroxydans","uncultured bacterium","Zotu14179",25.5833333333333
"Zotu1424","Zotu1424","Bacteria","Fibrobacteres","Fibrobacteria","Fibrobacterales","Fibrobacteraceae","uncultured","uncultured bacterium","Zotu1424",10.7083333333333
"Zotu14275","Zotu14275","Bacteria","Proteobacteria","Betaproteobacteria","Rhodocyclales","Rhodocyclaceae","uncultured",NA,"Zotu14275",156.166666666667
"Zotu143","Zotu143","Bacteria","Proteobacteria","Betaproteobacteria","Burkholderiales","Comamonadaceae","Pelomonas",NA,"Zotu143",64.375
"Zotu144","Zotu144","Bacteria","Proteobacteria","Betaproteobacteria","Rhodocyclales","Rhodocyclaceae","Denitratisoma","uncultured bacterium","Zotu144",121.041666666667
"Zotu1445","Zotu1445","Bacteria","Proteobacteria","Alphaproteobacteria","Rhodospirillales","Rhodospirillaceae","uncultured",NA,"Zotu1445",14.1666666666667
"Zotu1450","Zotu1450","Bacteria","Proteobacteria","Deltaproteobacteria","Myxococcales","P3OB-42","uncultured soil bacterium",NA,"Zotu1450",24.3333333333333
"Zotu1451","Zotu1451","Bacteria","Proteobacteria","Betaproteobacteria","Rhodocyclales","Rhodocyclaceae","Denitratisoma","uncultured bacterium","Zotu1451",23.5833333333333
"Zotu1454","Zotu1454","Bacteria","Proteobacteria","Alphaproteobacteria","Rhodospirillales",NA,NA,NA,"Zotu1454",12.875
"Zotu14612","Zotu14612","Bacteria","Proteobacteria","Alphaproteobacteria","Rhizobiales","Rhizobiaceae","Shinella","uncultured bacterium","Zotu14612",55.4583333333333
"Zotu14682","Zotu14682","Bacteria","Proteobacteria","Betaproteobacteria","Rhodocyclales","Rhodocyclaceae",NA,NA,"Zotu14682",272.875
"Zotu1475","Zotu1475","Bacteria","Proteobacteria","Deltaproteobacteria","Myxococcales","Polyangiaceae",NA,NA,"Zotu1475",14.125
"Zotu1476","Zotu1476","Bacteria","Proteobacteria","Betaproteobacteria","Rhodocyclales","Rhodocyclaceae","Sulfuritalea",NA,"Zotu1476",9.33333333333333
"Zotu1478","Zotu1478","Bacteria","Bacteroidetes","Bacteroidetes BD2-2","uncultured organism",NA,NA,NA,"Zotu1478",9.83333333333333
"Zotu1481","Zotu1481","Bacteria","Proteobacteria","Deltaproteobacteria","Myxococcales","P3OB-42","uncultured soil bacterium",NA,"Zotu1481",28.2916666666667
"Zotu1482","Zotu1482","Bacteria","Proteobacteria","Deltaproteobacteria","Myxococcales","Haliangiaceae","Haliangium","uncultured delta proteobacterium","Zotu1482",8.04166666666667
"Zotu14902","Zotu14902","Bacteria","Proteobacteria","Betaproteobacteria","Rhodocyclales","Rhodocyclaceae",NA,NA,"Zotu14902",13.7083333333333
"Zotu15","Zotu15","Bacteria","Bacteroidetes","SB-5","uncultured bacterium",NA,NA,NA,"Zotu15",581.333333333333
"Zotu152","Zotu152","Bacteria","Proteobacteria","Deltaproteobacteria","Myxococcales","Vulgatibacteraceae","Vulgatibacter","uncultured compost bacterium","Zotu152",228.291666666667
"Zotu1527","Zotu1527","Bacteria","Actinobacteria","Actinobacteria","Frankiales","Geodermatophilaceae","uncultured","uncultured bacterium","Zotu1527",9.70833333333333
"Zotu1534","Zotu1534","Bacteria","Spirochaetae","Spirochaetes","Spirochaetales","Spirochaetaceae","Spirochaeta 2",NA,"Zotu1534",7.66666666666667
"Zotu15394","Zotu15394","Bacteria","Proteobacteria","Deltaproteobacteria","Myxococcales","Cystobacteraceae","Anaeromyxobacter","uncultured bacterium","Zotu15394",32.7916666666667
"Zotu15452","Zotu15452","Bacteria","Proteobacteria","Deltaproteobacteria","Myxococcales","P3OB-42","uncultured bacterium",NA,"Zotu15452",9.91666666666667
"Zotu15453","Zotu15453","Bacteria","Proteobacteria","Betaproteobacteria","Rhodocyclales","Rhodocyclaceae",NA,NA,"Zotu15453",27.9583333333333
"Zotu1549","Zotu1549","Bacteria","Actinobacteria","Actinobacteria","Streptosporangiales","Thermomonosporaceae",NA,NA,"Zotu1549",70.4166666666667
"Zotu1550","Zotu1550","Bacteria","Proteobacteria","Deltaproteobacteria","Myxococcales","Polyangiaceae","Byssovorax","uncultured bacterium","Zotu1550",8.16666666666667
"Zotu1566","Zotu1566","Bacteria","Proteobacteria","Betaproteobacteria","Burkholderiales","Oxalobacteraceae","Massilia",NA,"Zotu1566",7.95833333333333
"Zotu157","Zotu157","Bacteria","Actinobacteria","Actinobacteria","Kineosporiales","Kineosporiaceae","Kineosporia","uncultured bacterium","Zotu157",23.9583333333333
"Zotu15758","Zotu15758","Bacteria","Nitrospirae","Nitrospira","Nitrospirales","4-29","uncultured bacterium",NA,"Zotu15758",16.1666666666667
"Zotu1595","Zotu1595","Bacteria","Proteobacteria","Betaproteobacteria","Burkholderiales","Comamonadaceae","Inhella",NA,"Zotu1595",10.0416666666667
"Zotu15992","Zotu15992","Bacteria","Proteobacteria","Deltaproteobacteria","Myxococcales","Cystobacteraceae","Anaeromyxobacter","uncultured bacterium","Zotu15992",106.166666666667
"Zotu16","Zotu16","Bacteria","Fibrobacteres","Fibrobacteria","Fibrobacterales","possible family 01","uncultured microorganism",NA,"Zotu16",931.791666666667
"Zotu16045","Zotu16045","Bacteria","Proteobacteria","Betaproteobacteria","Nitrosomonadales","Gallionellaceae","Ferriphaselus","uncultured bacterium","Zotu16045",49.2916666666667
"Zotu16105","Zotu16105","Bacteria","Nitrospirae","Nitrospira","Nitrospirales","4-29","uncultured bacterium",NA,"Zotu16105",17.5833333333333
"Zotu16155","Zotu16155","Bacteria","Proteobacteria","Deltaproteobacteria","Myxococcales","P3OB-42",NA,NA,"Zotu16155",26.0833333333333
"Zotu16172","Zotu16172","Bacteria","Proteobacteria","Deltaproteobacteria","Myxococcales",NA,NA,NA,"Zotu16172",237.125
"Zotu162","Zotu162","Bacteria","Proteobacteria","Deltaproteobacteria","Myxococcales","Cystobacteraceae","Anaeromyxobacter","uncultured bacterium","Zotu162",13.3333333333333
"Zotu16255","Zotu16255","Bacteria","Proteobacteria","Deltaproteobacteria","Myxococcales","Haliangiaceae","Haliangium",NA,"Zotu16255",22.2083333333333
"Zotu16462","Zotu16462","Bacteria","Proteobacteria","Betaproteobacteria","Rhodocyclales","Rhodocyclaceae","uncultured","uncultured bacterium","Zotu16462",12.9166666666667
"Zotu16478","Zotu16478","Bacteria","Proteobacteria","Betaproteobacteria","Rhodocyclales","Rhodocyclaceae",NA,NA,"Zotu16478",14.1666666666667
"Zotu165","Zotu165","Bacteria","Proteobacteria","Betaproteobacteria","Burkholderiales","Comamonadaceae","uncultured","uncultured bacterium","Zotu165",82.875
"Zotu1650","Zotu1650","Bacteria","Proteobacteria","Deltaproteobacteria","Myxococcales",NA,NA,NA,"Zotu1650",14.25
"Zotu1658","Zotu1658","Bacteria","Bacteroidetes","Bacteroidetes BD2-2",NA,NA,NA,NA,"Zotu1658",7.91666666666667
"Zotu16601","Zotu16601","Bacteria","Proteobacteria","Deltaproteobacteria","Myxococcales","Cystobacteraceae",NA,NA,"Zotu16601",137.666666666667
"Zotu16602","Zotu16602","Bacteria","Proteobacteria","Deltaproteobacteria","Myxococcales","P3OB-42",NA,NA,"Zotu16602",45.75
"Zotu16607","Zotu16607","Bacteria","Proteobacteria","Deltaproteobacteria","Myxococcales","P3OB-42",NA,NA,"Zotu16607",8.58333333333333
"Zotu16621","Zotu16621","Bacteria","Proteobacteria","Betaproteobacteria","Burkholderiales","Comamonadaceae","uncultured","uncultured bacterium","Zotu16621",128.958333333333
"Zotu17","Zotu17","Bacteria","Proteobacteria","Betaproteobacteria","Burkholderiales","Comamonadaceae","uncultured",NA,"Zotu17",1109.20833333333
"Zotu170","Zotu170","Bacteria","Proteobacteria","Betaproteobacteria","Nitrosomonadales","Gallionellaceae","Sideroxydans",NA,"Zotu170",63.4583333333333
"Zotu1701","Zotu1701","Bacteria","Spirochaetae","Spirochaetes","Spirochaetales","Spirochaetaceae","Spirochaeta 2",NA,"Zotu1701",18.4583333333333
"Zotu1710","Zotu1710","Bacteria","Chlorobi","Ignavibacteria","Ignavibacteriales","BSV26",NA,NA,"Zotu1710",10.2083333333333
"Zotu1719","Zotu1719","Bacteria","Spirochaetae","Spirochaetes","Spirochaetales","Leptospiraceae","Turneriella","uncultured organism","Zotu1719",8.33333333333333
"Zotu173","Zotu173","Bacteria","Bacteroidetes","SB-5","uncultured bacterium",NA,NA,NA,"Zotu173",69.8333333333333
"Zotu174","Zotu174","Bacteria","Proteobacteria","Betaproteobacteria","Burkholderiales","Comamonadaceae","uncultured",NA,"Zotu174",43.9166666666667
"Zotu1756","Zotu1756","Bacteria","Proteobacteria","Deltaproteobacteria","Myxococcales",NA,NA,NA,"Zotu1756",8.83333333333333
"Zotu179","Zotu179","Bacteria","Proteobacteria","Deltaproteobacteria","Myxococcales","P3OB-42","uncultured soil bacterium",NA,"Zotu179",221.875
"Zotu181","Zotu181","Bacteria","Proteobacteria","Deltaproteobacteria","Myxococcales","P3OB-42","uncultured bacterium",NA,"Zotu181",193.5
"Zotu182","Zotu182","Bacteria","Proteobacteria","Deltaproteobacteria","Desulfuromonadales","Geobacteraceae","Geobacter","uncultured bacterium","Zotu182",49.2916666666667
"Zotu183","Zotu183","Bacteria","Planctomycetes","vadinHA49","uncultured bacterium",NA,NA,NA,"Zotu183",68.6666666666667
"Zotu184","Zotu184","Bacteria","Proteobacteria","Betaproteobacteria","Burkholderiales","Comamonadaceae",NA,NA,"Zotu184",115.708333333333
"Zotu185","Zotu185","Bacteria","Proteobacteria","Deltaproteobacteria","Myxococcales","Cystobacteraceae","Anaeromyxobacter","uncultured bacterium","Zotu185",117.208333333333
"Zotu19","Zotu19","Bacteria","Proteobacteria","Betaproteobacteria","Rhodocyclales","Rhodocyclaceae",NA,NA,"Zotu19",809.833333333333
"Zotu190","Zotu190","Bacteria","Spirochaetae","Spirochaetes","Spirochaetales","Leptospiraceae","uncultured","uncultured organism","Zotu190",67.5833333333333
"Zotu191","Zotu191","Bacteria","Actinobacteria","Actinobacteria","Kineosporiales","Kineosporiaceae",NA,NA,"Zotu191",93.625
"Zotu193","Zotu193","Bacteria","Bacteroidetes","Bacteroidia","Bacteroidia Incertae Sedis","Prolixibacteraceae","Prolixibacter","uncultured bacterium","Zotu193",53.9166666666667
"Zotu1943","Zotu1943","Bacteria","Proteobacteria","Deltaproteobacteria","Myxococcales","uncultured",NA,NA,"Zotu1943",13.3333333333333
"Zotu195","Zotu195","Bacteria","Proteobacteria","Deltaproteobacteria","Myxococcales","Polyangiaceae","Byssovorax","uncultured bacterium","Zotu195",94.125
"Zotu1961","Zotu1961","Bacteria","Proteobacteria","Gammaproteobacteria","Methylococcales",NA,NA,NA,"Zotu1961",8.70833333333333
"Zotu197","Zotu197","Bacteria","Spirochaetae","Spirochaetes","Spirochaetales","Spirochaetaceae","Spirochaeta 2",NA,"Zotu197",145.958333333333
"Zotu1978","Zotu1978","Bacteria","Proteobacteria","Deltaproteobacteria","Myxococcales",NA,NA,NA,"Zotu1978",8.66666666666667
"Zotu1983","Zotu1983","Bacteria","Proteobacteria","Alphaproteobacteria",NA,NA,NA,NA,"Zotu1983",15.0833333333333
"Zotu2","Zotu2","Bacteria","Proteobacteria","Deltaproteobacteria","Myxococcales","P3OB-42",NA,NA,"Zotu2",10576.1666666667
"Zotu200","Zotu200","Bacteria","Proteobacteria","Betaproteobacteria","Burkholderiales","Comamonadaceae","uncultured",NA,"Zotu200",87.25
"Zotu201","Zotu201","Bacteria","Fibrobacteres","Fibrobacteria","Fibrobacterales","Fibrobacteraceae","possible genus 04","uncultured bacterium","Zotu201",42.875
"Zotu208","Zotu208","Bacteria","Bacteroidetes","WCHB1-32","uncultured bacterium",NA,NA,NA,"Zotu208",54.4583333333333
"Zotu2087","Zotu2087","Bacteria","Spirochaetae","Spirochaetes","Spirochaetales","Spirochaetaceae","Spirochaeta 2",NA,"Zotu2087",9.375
"Zotu2096","Zotu2096","Bacteria","Proteobacteria","Alphaproteobacteria","Rhizobiales","Bradyrhizobiaceae","Bosea","uncultured bacterium","Zotu2096",10
"Zotu21","Zotu21","Bacteria","Proteobacteria","Betaproteobacteria","Nitrosomonadales","Gallionellaceae","Sideroxydans",NA,"Zotu21",837.416666666667
"Zotu2101","Zotu2101","Bacteria","Proteobacteria","Deltaproteobacteria","Myxococcales",NA,NA,NA,"Zotu2101",19.4583333333333
"Zotu211","Zotu211","Bacteria","Proteobacteria","Alphaproteobacteria","Rhizobiales","Xanthobacteraceae","Variibacter","uncultured bacterium","Zotu211",14.375
"Zotu213","Zotu213","Bacteria","Proteobacteria","Betaproteobacteria","Rhodocyclales","Rhodocyclaceae","uncultured",NA,"Zotu213",70.875
"Zotu2130","Zotu2130","Bacteria","Spirochaetae","Spirochaetes","Spirochaetales","Spirochaetaceae","Spirochaeta 2",NA,"Zotu2130",8.29166666666667
"Zotu215","Zotu215","Bacteria","Bacteroidetes","SB-5",NA,NA,NA,NA,"Zotu215",72.875
"Zotu2150","Zotu2150","Bacteria","Proteobacteria","Betaproteobacteria","Nitrosomonadales","Gallionellaceae","Sideroxydans","uncultured beta proteobacterium","Zotu2150",19.75
"Zotu216","Zotu216","Bacteria","Proteobacteria","Alphaproteobacteria","Sphingomonadales","Sphingomonadaceae","Sphingomonas","uncultured bacterium","Zotu216",10.25
"Zotu2181","Zotu2181","Bacteria","Spirochaetae","Spirochaetes","Spirochaetales","Spirochaetaceae","Spirochaeta 2",NA,"Zotu2181",11.1666666666667
"Zotu220","Zotu220","Bacteria","Spirochaetae","Spirochaetes","Spirochaetales","Spirochaetaceae","Spirochaeta 2",NA,"Zotu220",108
"Zotu2221","Zotu2221","Bacteria","Proteobacteria","Betaproteobacteria","Rhodocyclales","Rhodocyclaceae","Sulfuritalea","uncultured bacterium","Zotu2221",18.25
"Zotu2222","Zotu2222","Bacteria","Proteobacteria","Deltaproteobacteria","Myxococcales",NA,NA,NA,"Zotu2222",8.33333333333333
"Zotu226","Zotu226","Bacteria","Proteobacteria","Betaproteobacteria","Nitrosomonadales","Gallionellaceae","Ferriphaselus","uncultured bacterium","Zotu226",11.2083333333333
"Zotu23","Zotu23","Bacteria","Firmicutes","Bacilli","Bacillales","Paenibacillaceae","Paenibacillus","uncultured bacterium","Zotu23",1178.125
"Zotu230","Zotu230","Bacteria","Bacteroidetes","Bacteroidia","Bacteroidales","Porphyromonadaceae","uncultured","uncultured bacterium","Zotu230",43.5833333333333
"Zotu231","Zotu231","Bacteria","Proteobacteria","Betaproteobacteria","Burkholderiales","Comamonadaceae","Ideonella",NA,"Zotu231",15.8333333333333
"Zotu239","Zotu239","Bacteria","Proteobacteria","Gammaproteobacteria",NA,NA,NA,NA,"Zotu239",82.0833333333333
"Zotu2422","Zotu2422","Bacteria","Proteobacteria","Deltaproteobacteria","Myxococcales","P3OB-42","uncultured bacterium",NA,"Zotu2422",9.54166666666667
"Zotu244","Zotu244","Bacteria","Actinobacteria","Actinobacteria","Micrococcales","Intrasporangiaceae","Intrasporangium",NA,"Zotu244",19.25
"Zotu246","Zotu246","Bacteria","Proteobacteria","Deltaproteobacteria","Desulfuromonadales","Geobacteraceae","Geobacter",NA,"Zotu246",49.4583333333333
"Zotu248","Zotu248","Bacteria","Nitrospirae","Nitrospira","Nitrospirales","Nitrospiraceae","uncultured","uncultured bacterium","Zotu248",73.4166666666667
"Zotu2490","Zotu2490","Bacteria","Proteobacteria","Alphaproteobacteria","Rhizobiales","Bradyrhizobiaceae","Bradyrhizobium",NA,"Zotu2490",11.7083333333333
"Zotu251","Zotu251","Bacteria","Proteobacteria","Betaproteobacteria","Nitrosomonadales",NA,NA,NA,"Zotu251",7.91666666666667
"Zotu257","Zotu257","Bacteria","Proteobacteria","Alphaproteobacteria","Sphingomonadales",NA,NA,NA,"Zotu257",23.2916666666667
"Zotu26","Zotu26","Bacteria","Proteobacteria","Gammaproteobacteria","Chromatiales","Ectothiorhodospiraceae","Thioalkalispira","uncultured bacterium","Zotu26",25.1666666666667
"Zotu267","Zotu267","Bacteria","Proteobacteria","Deltaproteobacteria","Myxococcales","Cystobacteraceae","Anaeromyxobacter","uncultured bacterium","Zotu267",23.7083333333333
"Zotu27","Zotu27","Bacteria","Spirochaetae","Spirochaetes","Spirochaetales","Spirochaetaceae","Treponema",NA,"Zotu27",526.791666666667
"Zotu273","Zotu273","Bacteria","Proteobacteria","Betaproteobacteria","Rhodocyclales","Rhodocyclaceae","uncultured","uncultured bacterium","Zotu273",64.5
"Zotu285","Zotu285","Bacteria","Proteobacteria","Betaproteobacteria","Methylophilales","Methylophilaceae","uncultured","uncultured bacterium","Zotu285",55.125
"Zotu29","Zotu29","Bacteria","Bacteroidetes","WCHB1-32","uncultured bacterium",NA,NA,NA,"Zotu29",203.541666666667
"Zotu290","Zotu290","Bacteria","Proteobacteria","Deltaproteobacteria","Myxococcales","Cystobacteraceae","Anaeromyxobacter","uncultured bacterium","Zotu290",43.5833333333333
"Zotu293","Zotu293","Bacteria","Proteobacteria","Betaproteobacteria","Burkholderiales","Burkholderiaceae","Burkholderia",NA,"Zotu293",20.2083333333333
"Zotu297","Zotu297","Bacteria","Proteobacteria","Deltaproteobacteria","Desulfuromonadales","Geobacteraceae","Geobacter","uncultured bacterium","Zotu297",44.5
"Zotu3","Zotu3","Bacteria","Proteobacteria","Betaproteobacteria","Nitrosomonadales","Gallionellaceae","Sideroxydans",NA,"Zotu3",3634.75
"Zotu30","Zotu30","Bacteria","Proteobacteria","Deltaproteobacteria","Myxococcales","Cystobacteraceae","Anaeromyxobacter","uncultured bacterium","Zotu30",822.958333333333
"Zotu302","Zotu302","Bacteria","Proteobacteria","Deltaproteobacteria","Bdellovibrionales","Bdellovibrionaceae","OM27 clade","uncultured bacterium","Zotu302",34.7916666666667
"Zotu304","Zotu304","Bacteria","Spirochaetae","Spirochaetes","Spirochaetales","Spirochaetaceae","Spirochaeta 2",NA,"Zotu304",85.125
"Zotu306","Zotu306","Bacteria","Verrucomicrobia","OPB35 soil group","uncultured soil bacterium",NA,NA,NA,"Zotu306",9.625
"Zotu3061","Zotu3061","Bacteria","Proteobacteria","Betaproteobacteria","Rhodocyclales","Rhodocyclaceae",NA,NA,"Zotu3061",7.79166666666667
"Zotu312","Zotu312","Bacteria","Proteobacteria","Betaproteobacteria","Burkholderiales","Comamonadaceae",NA,NA,"Zotu312",17.75
"Zotu317","Zotu317","Bacteria","Proteobacteria","Betaproteobacteria","Rhodocyclales","Rhodocyclaceae",NA,NA,"Zotu317",28.625
"Zotu324","Zotu324","Bacteria","Proteobacteria","Deltaproteobacteria","Myxococcales","BIrii41","uncultured bacterium",NA,"Zotu324",18.6666666666667
"Zotu325","Zotu325","Bacteria","Proteobacteria","Deltaproteobacteria","Myxococcales","Cystobacteraceae","Anaeromyxobacter","uncultured bacterium","Zotu325",100.5
"Zotu327","Zotu327","Bacteria","Bacteroidetes","Bacteroidia","Bacteroidales","Porphyromonadaceae","uncultured","uncultured bacterium","Zotu327",27.625
"Zotu33","Zotu33","Bacteria","Proteobacteria","Betaproteobacteria","Burkholderiales","Comamonadaceae","uncultured","Musa ABB Group","Zotu33",148.041666666667
"Zotu330","Zotu330","Bacteria","Actinobacteria","Actinobacteria","Micrococcales","Microbacteriaceae","Agromyces",NA,"Zotu330",15.0416666666667
"Zotu334","Zotu334","Bacteria","Proteobacteria","Deltaproteobacteria","Desulfuromonadales","Geobacteraceae","Geobacter",NA,"Zotu334",35.875
"Zotu337","Zotu337","Bacteria","Proteobacteria","Alphaproteobacteria","Rhizobiales","Methylocystaceae","Pleomorphomonas","uncultured bacterium","Zotu337",18.8333333333333
"Zotu341","Zotu341","Bacteria","Bacteroidetes","Bacteroidetes vadinHA17","uncultured bacterium",NA,NA,NA,"Zotu341",29
"Zotu343","Zotu343","Bacteria","Bacteroidetes","Bacteroidetes BD2-2","uncultured organism",NA,NA,NA,"Zotu343",56.2083333333333
"Zotu344","Zotu344","Bacteria","Proteobacteria","Deltaproteobacteria","Myxococcales","P3OB-42",NA,NA,"Zotu344",242.25
"Zotu363","Zotu363","Bacteria","Proteobacteria","Deltaproteobacteria","Desulfovibrionales","Desulfovibrionaceae","Desulfovibrio","uncultured bacterium","Zotu363",38.7916666666667
"Zotu364","Zotu364","Bacteria","Proteobacteria","Betaproteobacteria","Nitrosomonadales","Gallionellaceae","Sideroxydans",NA,"Zotu364",27.7916666666667
"Zotu367","Zotu367","Bacteria","Bacteroidetes","SB-5",NA,NA,NA,NA,"Zotu367",60.5833333333333
"Zotu37","Zotu37","Bacteria","Spirochaetae","Spirochaetes","Spirochaetales","Leptospiraceae","uncultured",NA,"Zotu37",280.791666666667
"Zotu38","Zotu38","Bacteria","Nitrospirae","Nitrospira","Nitrospirales","Nitrospiraceae","uncultured","uncultured bacterium","Zotu38",341.458333333333
"Zotu384","Zotu384","Bacteria","Acidobacteria","Holophagae","Subgroup 7","uncultured bacterium",NA,NA,"Zotu384",20.1666666666667
"Zotu393","Zotu393","Bacteria","Proteobacteria","Deltaproteobacteria","Myxococcales","Polyangiaceae","Polyangium","uncultured bacterium","Zotu393",22.75
"Zotu396","Zotu396","Bacteria","Proteobacteria","Deltaproteobacteria","Desulfuromonadales","Geobacteraceae","Geobacter","uncultured bacterium","Zotu396",23.2083333333333
"Zotu397","Zotu397","Bacteria","Proteobacteria","Betaproteobacteria","Burkholderiales","Alcaligenaceae","uncultured","uncultured bacterium","Zotu397",20.2916666666667
"Zotu4","Zotu4","Bacteria","Proteobacteria","Betaproteobacteria","Hydrogenophilales","Hydrogenophilaceae","Thiobacillus","uncultured bacterium","Zotu4",114.791666666667
"Zotu400","Zotu400","Bacteria","Proteobacteria","Deltaproteobacteria","Myxococcales","Haliangiaceae","Haliangium",NA,"Zotu400",33.2083333333333
"Zotu403","Zotu403","Bacteria","Proteobacteria","Deltaproteobacteria","Desulfuromonadales","Geobacteraceae","Geobacter","uncultured bacterium","Zotu403",31.125
"Zotu406","Zotu406","Bacteria","Proteobacteria","Gammaproteobacteria",NA,NA,NA,NA,"Zotu406",45.625
"Zotu414","Zotu414","Bacteria","Proteobacteria","Alphaproteobacteria","DB1-14","uncultured bacterium",NA,NA,"Zotu414",31.5
"Zotu415","Zotu415","Bacteria","Proteobacteria","Gammaproteobacteria","Xanthomonadales","Xanthomonadaceae","Stenotrophomonas","uncultured bacterium","Zotu415",20.25
"Zotu417","Zotu417","Bacteria","Proteobacteria","Betaproteobacteria","Burkholderiales","Comamonadaceae","BAL58 marine group",NA,"Zotu417",17.75
"Zotu43","Zotu43","Bacteria","Proteobacteria","Betaproteobacteria","Rhodocyclales","Rhodocyclaceae","uncultured",NA,"Zotu43",226.75
"Zotu430","Zotu430","Bacteria","Proteobacteria","Deltaproteobacteria","Desulfuromonadales","Geobacteraceae","Geobacter",NA,"Zotu430",24.4166666666667
"Zotu431","Zotu431","Bacteria","Spirochaetae","Spirochaetes","Spirochaetales","Spirochaetaceae","Spirochaeta 2",NA,"Zotu431",23.9583333333333
"Zotu432","Zotu432","Bacteria","Actinobacteria","Actinobacteria","Micrococcales","Intrasporangiaceae","Intrasporangium",NA,"Zotu432",8.875
"Zotu435","Zotu435","Bacteria","Proteobacteria","Alphaproteobacteria",NA,NA,NA,NA,"Zotu435",65
"Zotu44","Zotu44","Bacteria","Proteobacteria","Deltaproteobacteria","Myxococcales","Cystobacteraceae","Anaeromyxobacter","uncultured bacterium","Zotu44",604.166666666667
"Zotu444","Zotu444","Bacteria","Proteobacteria","Deltaproteobacteria","Myxococcales","Cystobacteraceae","Anaeromyxobacter",NA,"Zotu444",18.1666666666667
"Zotu446","Zotu446","Bacteria","Chloroflexi","Chloroflexia","Chloroflexales","Roseiflexaceae","Roseiflexus","uncultured bacterium","Zotu446",27.3333333333333
"Zotu447","Zotu447","Bacteria","Firmicutes","Clostridia","Clostridiales","Family XII","Acidaminobacter","uncultured bacterium","Zotu447",21.7916666666667
"Zotu45","Zotu45","Bacteria","Proteobacteria","Betaproteobacteria","Nitrosomonadales","Gallionellaceae","Sideroxydans",NA,"Zotu45",179.083333333333
"Zotu452","Zotu452","Bacteria","Bacteroidetes","SB-5","uncultured bacterium",NA,NA,NA,"Zotu452",44.5416666666667
"Zotu455","Zotu455","Bacteria","Planctomycetes","vadinHA49","uncultured bacterium",NA,NA,NA,"Zotu455",37.125
"Zotu4560","Zotu4560","Bacteria","Proteobacteria","Deltaproteobacteria","Myxococcales","Cystobacteraceae",NA,NA,"Zotu4560",13.4583333333333
"Zotu458","Zotu458","Bacteria","Proteobacteria","Deltaproteobacteria","Desulfuromonadales","BVA18",NA,NA,"Zotu458",12.1666666666667
"Zotu46","Zotu46","Bacteria","Proteobacteria","Betaproteobacteria","Rhodocyclales","Rhodocyclaceae","uncultured",NA,"Zotu46",282.708333333333
"Zotu4621","Zotu4621","Bacteria","Proteobacteria","Betaproteobacteria","Rhodocyclales","Rhodocyclaceae",NA,NA,"Zotu4621",57.7083333333333
"Zotu465","Zotu465","Bacteria","Bacteroidetes","WCHB1-32","uncultured bacterium",NA,NA,NA,"Zotu465",11.4166666666667
"Zotu466","Zotu466","Bacteria","Firmicutes","Clostridia","Clostridiales","Ruminococcaceae","uncultured","uncultured bacterium","Zotu466",53.7083333333333
"Zotu473","Zotu473","Bacteria","Proteobacteria","Alphaproteobacteria","Rhizobiales",NA,NA,NA,"Zotu473",29.4583333333333
"Zotu476","Zotu476","Bacteria","Proteobacteria","Betaproteobacteria","Nitrosomonadales","Gallionellaceae","Sideroxydans",NA,"Zotu476",156.541666666667
"Zotu477","Zotu477","Bacteria","Proteobacteria","Gammaproteobacteria","Methylococcales",NA,NA,NA,"Zotu477",22.4166666666667
"Zotu4790","Zotu4790","Bacteria","Proteobacteria","Alphaproteobacteria","Rhizobiales","Rhizobiaceae","Shinella","uncultured bacterium","Zotu4790",15.4166666666667
"Zotu48","Zotu48","Bacteria","Actinobacteria","Actinobacteria","Micrococcales","Intrasporangiaceae","Intrasporangium",NA,"Zotu48",81
"Zotu482","Zotu482","Bacteria","Proteobacteria","Deltaproteobacteria","Desulfobacterales","Desulfobulbaceae","Desulfobulbus","uncultured bacterium","Zotu482",25.0416666666667
"Zotu4826","Zotu4826","Bacteria","Proteobacteria","Betaproteobacteria","Rhodocyclales","Rhodocyclaceae","uncultured",NA,"Zotu4826",31.75
"Zotu485","Zotu485","Bacteria","Bacteroidetes","Bacteroidia","Bacteroidales","Porphyromonadaceae","uncultured","uncultured bacterium","Zotu485",19.7916666666667
"Zotu4890","Zotu4890","Bacteria","Proteobacteria","Betaproteobacteria","Burkholderiales","Comamonadaceae","uncultured",NA,"Zotu4890",16.9166666666667
"Zotu496","Zotu496","Bacteria","Proteobacteria","Deltaproteobacteria","Myxococcales","Haliangiaceae","Haliangium",NA,"Zotu496",32.7083333333333
"Zotu499","Zotu499","Bacteria","Proteobacteria","Alphaproteobacteria","Rhodospirillales","Rhodospirillaceae","uncultured",NA,"Zotu499",40.5416666666667
"Zotu5","Zotu5","Bacteria","Firmicutes","Bacilli","Lactobacillales","Carnobacteriaceae","Trichococcus",NA,"Zotu5",51.4166666666667
"Zotu502","Zotu502","Bacteria","Proteobacteria","Alphaproteobacteria","Rhizobiales","Xanthobacteraceae","Pseudolabrys","uncultured bacterium","Zotu502",23.5833333333333
"Zotu505","Zotu505","Bacteria","Proteobacteria","Betaproteobacteria","Burkholderiales","Comamonadaceae","Aquabacterium",NA,"Zotu505",12.5416666666667
"Zotu506","Zotu506","Bacteria","Nitrospirae","Nitrospira","Nitrospirales","4-29","uncultured bacterium",NA,"Zotu506",15.0416666666667
"Zotu507","Zotu507","Bacteria","Proteobacteria","Deltaproteobacteria","Myxococcales","Polyangiaceae",NA,NA,"Zotu507",27.0416666666667
"Zotu51","Zotu51","Bacteria","Proteobacteria","Deltaproteobacteria","Desulfuromonadales","Geobacteraceae","Geobacter",NA,"Zotu51",343.375
"Zotu511","Zotu511","Bacteria","Bacteroidetes","SB-5",NA,NA,NA,NA,"Zotu511",28.6666666666667
"Zotu512","Zotu512","Bacteria","Proteobacteria","Betaproteobacteria","Rhodocyclales","Rhodocyclaceae","Propionivibrio",NA,"Zotu512",21.2916666666667
"Zotu517","Zotu517","Bacteria","Proteobacteria","Deltaproteobacteria","Myxococcales","Cystobacteraceae",NA,NA,"Zotu517",30.5
"Zotu52","Zotu52","Bacteria","Proteobacteria","Alphaproteobacteria","Rhizobiales","Rhizobiaceae","Rhizobium","uncultured bacterium","Zotu52",157.75
"Zotu534","Zotu534","Bacteria","Spirochaetae","Spirochaetes","Spirochaetales","Leptospiraceae","uncultured","uncultured Spirochaetales bacterium","Zotu534",41.0833333333333
"Zotu535","Zotu535","Bacteria","Proteobacteria","Gammaproteobacteria","Methylococcales",NA,NA,NA,"Zotu535",10.9583333333333
"Zotu539","Zotu539","Bacteria","Proteobacteria","Deltaproteobacteria","Desulfuromonadales","Geobacteraceae","Geobacter",NA,"Zotu539",10.4583333333333
"Zotu542","Zotu542","Bacteria","Proteobacteria","Betaproteobacteria","Rhodocyclales","Rhodocyclaceae","Denitratisoma","uncultured bacterium","Zotu542",73.625
"Zotu558","Zotu558","Bacteria","Proteobacteria","Gammaproteobacteria","Methylococcales","Methylococcaceae","Methylomonas","uncultured bacterium","Zotu558",22.8333333333333
"Zotu565","Zotu565","Bacteria","Chloroflexi","Chloroflexia","Chloroflexales","Roseiflexaceae","Roseiflexus","uncultured bacterium","Zotu565",20.3333333333333
"Zotu572","Zotu572","Bacteria","Proteobacteria","Deltaproteobacteria","Myxococcales","P3OB-42","uncultured bacterium",NA,"Zotu572",51.875
"Zotu581","Zotu581","Bacteria","Proteobacteria","Gammaproteobacteria","Methylococcales","Methylococcaceae","Methylocaldum","uncultured bacterium","Zotu581",19.5416666666667
"Zotu584","Zotu584","Bacteria","Proteobacteria","Betaproteobacteria","Rhodocyclales","Rhodocyclaceae","uncultured",NA,"Zotu584",38.2083333333333
"Zotu585","Zotu585","Bacteria","Proteobacteria","Deltaproteobacteria","Desulfovibrionales","Desulfovibrionaceae","Desulfovibrio","uncultured bacterium","Zotu585",39.0833333333333
"Zotu591","Zotu591","Bacteria","Proteobacteria","Betaproteobacteria","Burkholderiales","Comamonadaceae","Rhizobacter","uncultured bacterium","Zotu591",18.1666666666667
"Zotu593","Zotu593","Bacteria","Proteobacteria","Alphaproteobacteria","Rhizobiales","Bradyrhizobiaceae","Bradyrhizobium",NA,"Zotu593",58.7083333333333
"Zotu5941","Zotu5941","Bacteria","Proteobacteria","Deltaproteobacteria","Desulfuromonadales","M20-Pitesti",NA,NA,"Zotu5941",8.91666666666667
"Zotu5944","Zotu5944","Bacteria","Proteobacteria","Betaproteobacteria","Rhodocyclales","Rhodocyclaceae","uncultured","uncultured bacterium","Zotu5944",11.625
"Zotu6","Zotu6","Bacteria","Proteobacteria","Betaproteobacteria","Burkholderiales","Comamonadaceae",NA,NA,"Zotu6",2334.54166666667
"Zotu60","Zotu60","Bacteria","Proteobacteria","Deltaproteobacteria","Myxococcales","Haliangiaceae","Haliangium",NA,"Zotu60",197.541666666667
"Zotu602","Zotu602","Bacteria","Spirochaetae","Spirochaetes","Spirochaetales","Spirochaetaceae","M2PT2-76 termite group",NA,"Zotu602",28.375
"Zotu603","Zotu603","Bacteria","Proteobacteria","Alphaproteobacteria","Rhizobiales","Hyphomicrobiaceae","Rhodomicrobium","uncultured bacterium","Zotu603",44.75
"Zotu608","Zotu608","Bacteria","Proteobacteria","Gammaproteobacteria","Methylococcales",NA,NA,NA,"Zotu608",8.33333333333333
"Zotu609","Zotu609","Bacteria","Proteobacteria","Alphaproteobacteria","Rhizobiales","Bradyrhizobiaceae","Bradyrhizobium",NA,"Zotu609",8.875
"Zotu61","Zotu61","Bacteria","Firmicutes","Clostridia","Clostridiales","Family XIII","uncultured",NA,"Zotu61",85.3333333333333
"Zotu614","Zotu614","Bacteria","Bacteroidetes","Bacteroidetes BD2-2","uncultured Cytophagales bacterium",NA,NA,NA,"Zotu614",15.5
"Zotu615","Zotu615","Bacteria","Proteobacteria","Betaproteobacteria","Burkholderiales","Comamonadaceae","Ideonella","uncultured beta proteobacterium","Zotu615",18.75
"Zotu619","Zotu619","Bacteria","Firmicutes","Bacilli","Bacillales","Paenibacillaceae","Paenibacillus","uncultured bacterium","Zotu619",148.333333333333
"Zotu620","Zotu620","Bacteria","Proteobacteria","Deltaproteobacteria","Myxococcales","P3OB-42","uncultured bacterium",NA,"Zotu620",19.625
"Zotu6206","Zotu6206","Bacteria","Proteobacteria","Betaproteobacteria","Hydrogenophilales","Hydrogenophilaceae","uncultured","uncultured bacterium","Zotu6206",14.6666666666667
"Zotu6248","Zotu6248","Bacteria","Proteobacteria","Betaproteobacteria","Rhodocyclales","Rhodocyclaceae","Georgfuchsia","uncultured bacterium","Zotu6248",10.875
"Zotu626","Zotu626","Bacteria","Proteobacteria","Betaproteobacteria","Burkholderiales","Comamonadaceae","Acidovorax","uncultured bacterium","Zotu626",56.25
"Zotu631","Zotu631","Bacteria","Proteobacteria","Gammaproteobacteria","Methylococcales",NA,NA,NA,"Zotu631",21.5833333333333
"Zotu638","Zotu638","Bacteria","Proteobacteria","Deltaproteobacteria","Myxococcales","Haliangiaceae","Haliangium","uncultured bacterium","Zotu638",14.3333333333333
"Zotu639","Zotu639","Bacteria","Proteobacteria","Betaproteobacteria","Rhodocyclales","Rhodocyclaceae","uncultured",NA,"Zotu639",55.875
"Zotu6401","Zotu6401","Bacteria","Proteobacteria","Deltaproteobacteria","Myxococcales","Myxococcaceae","uncultured","uncultured bacterium","Zotu6401",18.4583333333333
"Zotu650","Zotu650","Bacteria","Planctomycetes","vadinHA49","uncultured bacterium",NA,NA,NA,"Zotu650",19.1666666666667
"Zotu652","Zotu652","Bacteria","Proteobacteria","Betaproteobacteria","Rhodocyclales","Rhodocyclaceae",NA,NA,"Zotu652",34.9583333333333
"Zotu656","Zotu656","Bacteria","Proteobacteria","Betaproteobacteria","Burkholderiales","Comamonadaceae","uncultured","uncultured bacterium","Zotu656",15.7083333333333
"Zotu662","Zotu662","Bacteria","Proteobacteria","Gammaproteobacteria","Methylococcales",NA,NA,NA,"Zotu662",19.375
"Zotu664","Zotu664","Bacteria","Spirochaetae","Spirochaetes","Spirochaetales","Spirochaetaceae","Spirochaeta 2","uncultured bacterium","Zotu664",20.9583333333333
"Zotu679","Zotu679","Bacteria","Bacteroidetes","Bacteroidetes BD2-2","uncultured bacterium",NA,NA,NA,"Zotu679",18.75
"Zotu6790","Zotu6790","Bacteria","Proteobacteria","Deltaproteobacteria","Myxococcales",NA,NA,NA,"Zotu6790",9.375
"Zotu68","Zotu68","Bacteria","Bacteroidetes","Bacteroidia","Bacteroidales","Porphyromonadaceae","uncultured","uncultured bacterium","Zotu68",150.5
"Zotu682","Zotu682","Bacteria","Proteobacteria","Deltaproteobacteria","Desulfuromonadales","Geobacteraceae","Geobacter",NA,"Zotu682",16.4166666666667
"Zotu6852","Zotu6852","Bacteria","Proteobacteria","Deltaproteobacteria","Myxococcales","Cystobacteraceae","Anaeromyxobacter","uncultured bacterium","Zotu6852",84.2916666666667
"Zotu69","Zotu69","Bacteria","Proteobacteria","Betaproteobacteria","Methylophilales","Methylophilaceae","uncultured","uncultured bacterium","Zotu69",92.1666666666667
"Zotu691","Zotu691","Bacteria","Verrucomicrobia","Verrucomicrobia Incertae Sedis","Unknown Order","Unknown Family","Candidatus Methylacidiphilum","uncultured bacterium","Zotu691",20.4166666666667
"Zotu699","Zotu699","Bacteria","Proteobacteria","Deltaproteobacteria","Desulfuromonadales","Geobacteraceae","Geobacter",NA,"Zotu699",15.9166666666667
"Zotu7","Zotu7","Bacteria","Proteobacteria","Deltaproteobacteria","Myxococcales","Cystobacteraceae",NA,NA,"Zotu7",2976.875
"Zotu70","Zotu70","Bacteria","Nitrospirae","Nitrospira","Nitrospirales","4-29","uncultured bacterium",NA,"Zotu70",160
"Zotu700","Zotu700","Bacteria","Proteobacteria","Betaproteobacteria","Rhodocyclales","Rhodocyclaceae","Denitratisoma","uncultured bacterium","Zotu700",48.2083333333333
"Zotu708","Zotu708","Bacteria","Proteobacteria","Betaproteobacteria","Nitrosomonadales","Gallionellaceae","Sideroxydans","uncultured bacterium","Zotu708",19.4583333333333
"Zotu710","Zotu710","Bacteria","Proteobacteria","Gammaproteobacteria","Methylococcales","Crenotrichaceae","Crenothrix",NA,"Zotu710",19.2083333333333
"Zotu711","Zotu711","Bacteria","Firmicutes","Clostridia","Clostridiales","Family XII","Acidaminobacter","uncultured bacterium","Zotu711",10.4583333333333
"Zotu714","Zotu714","Bacteria","Proteobacteria","Betaproteobacteria","Rhodocyclales","Rhodocyclaceae",NA,NA,"Zotu714",58.25
"Zotu716","Zotu716","Bacteria","Proteobacteria","Betaproteobacteria","Burkholderiales","Comamonadaceae","Aquabacterium",NA,"Zotu716",16
"Zotu724","Zotu724","Bacteria","Bacteroidetes","SB-5",NA,NA,NA,NA,"Zotu724",18.3333333333333
"Zotu726","Zotu726","Bacteria","Acidobacteria","Holophagae","Holophagales","Holophagaceae","uncultured","uncultured bacterium","Zotu726",17.3333333333333
"Zotu73","Zotu73","Bacteria","Proteobacteria","Deltaproteobacteria","Myxococcales","P3OB-42","uncultured soil bacterium",NA,"Zotu73",576.208333333333
"Zotu739","Zotu739","Bacteria","Proteobacteria","Alphaproteobacteria","Rhizobiales","Methylocystaceae","Methylocystis",NA,"Zotu739",9.375
"Zotu744","Zotu744","Bacteria","Aminicenantes","uncultured bacterium",NA,NA,NA,NA,"Zotu744",8.5
"Zotu75","Zotu75","Bacteria","Proteobacteria","Betaproteobacteria","Burkholderiales","Comamonadaceae","uncultured","uncultured bacterium","Zotu75",322.166666666667
"Zotu76","Zotu76","Bacteria","Proteobacteria","Betaproteobacteria","Nitrosomonadales","Gallionellaceae","Sideroxydans","uncultured bacterium","Zotu76",316.916666666667
"Zotu765","Zotu765","Bacteria","Proteobacteria","Alphaproteobacteria","Rhizobiales","Rhizobiaceae","Rhizobium","uncultured bacterium","Zotu765",26.3333333333333
"Zotu77","Zotu77","Bacteria","Proteobacteria","Deltaproteobacteria","Desulfuromonadales","Geobacteraceae","Geobacter",NA,"Zotu77",179.291666666667
"Zotu783","Zotu783","Bacteria","Bacteroidetes","Bacteroidetes BD2-2","uncultured bacterium",NA,NA,NA,"Zotu783",18.7083333333333
"Zotu79","Zotu79","Bacteria","Proteobacteria","Deltaproteobacteria","Myxococcales","P3OB-42","uncultured bacterium",NA,"Zotu79",164.125
"Zotu792","Zotu792","Bacteria","Planctomycetes","vadinHA49","uncultured bacterium",NA,NA,NA,"Zotu792",21.5
"Zotu801","Zotu801","Bacteria","Proteobacteria","Deltaproteobacteria","Bdellovibrionales","Bacteriovoracaceae","Bacteriovorax","uncultured bacterium","Zotu801",23.875
"Zotu802","Zotu802","Bacteria","Bacteroidetes","Bacteroidetes BD2-2","uncultured bacterium",NA,NA,NA,"Zotu802",16.625
"Zotu8030","Zotu8030","Bacteria","Proteobacteria","Alphaproteobacteria","Rhizobiales","Methylocystaceae","Pleomorphomonas",NA,"Zotu8030",80.0416666666667
"Zotu809","Zotu809","Bacteria","Proteobacteria","Betaproteobacteria","Rhodocyclales","Rhodocyclaceae","uncultured",NA,"Zotu809",8.54166666666667
"Zotu81","Zotu81","Bacteria","Proteobacteria","Betaproteobacteria","SC-I-84",NA,NA,NA,"Zotu81",8.83333333333333
"Zotu818","Zotu818","Bacteria","Bacteroidetes","Bacteroidia","Bacteroidales","Porphyromonadaceae","uncultured","uncultured bacterium","Zotu818",18.4166666666667
"Zotu824","Zotu824","Bacteria","Spirochaetae","Spirochaetes","Spirochaetales","Spirochaetaceae","uncultured","uncultured bacterium","Zotu824",13.4583333333333
"Zotu8276","Zotu8276","Bacteria","Proteobacteria","Deltaproteobacteria","Myxococcales","P3OB-42","uncultured soil bacterium",NA,"Zotu8276",270.416666666667
"Zotu8300","Zotu8300","Bacteria","Proteobacteria","Betaproteobacteria","Rhodocyclales","Rhodocyclaceae",NA,NA,"Zotu8300",15.0416666666667
"Zotu833","Zotu833","Bacteria","Spirochaetae","Spirochaetes","Spirochaetales","Spirochaetaceae","Spirochaeta 2","uncultured bacterium","Zotu833",21.9166666666667
"Zotu837","Zotu837","Bacteria","Fibrobacteres","Fibrobacteria","Fibrobacterales","possible family 01",NA,NA,"Zotu837",19.625
"Zotu851","Zotu851","Bacteria","Proteobacteria","Betaproteobacteria","Burkholderiales","Comamonadaceae","uncultured","uncultured bacterium","Zotu851",20.3333333333333
"Zotu858","Zotu858","Bacteria","Proteobacteria","Betaproteobacteria","Burkholderiales","Comamonadaceae",NA,NA,"Zotu858",10.1666666666667
"Zotu869","Zotu869","Bacteria","Spirochaetae","Spirochaetes","Spirochaetales","Leptospiraceae","uncultured",NA,"Zotu869",18.0416666666667
"Zotu87","Zotu87","Bacteria","Bacteroidetes","Sphingobacteriia","Sphingobacteriales","WCHB1-69",NA,NA,"Zotu87",15.7083333333333
"Zotu873","Zotu873","Bacteria","Bacteroidetes","SB-5",NA,NA,NA,NA,"Zotu873",11.4166666666667
"Zotu876","Zotu876","Bacteria","Proteobacteria","Deltaproteobacteria","Myxococcales",NA,NA,NA,"Zotu876",46.75
"Zotu885","Zotu885","Bacteria","Proteobacteria","Deltaproteobacteria","Desulfobacterales","Desulfobulbaceae","Desulfocapsa","uncultured bacterium","Zotu885",21.1666666666667
"Zotu892","Zotu892","Bacteria","Spirochaetae","Spirochaetes","Spirochaetales","Spirochaetaceae","uncultured","uncultured soil bacterium","Zotu892",11.625
"Zotu899","Zotu899","Bacteria","Bacteroidetes",NA,NA,NA,NA,NA,"Zotu899",17.1666666666667
"Zotu9","Zotu9","Bacteria","Proteobacteria","Alphaproteobacteria","Rhizobiales","Bradyrhizobiaceae","Bradyrhizobium",NA,"Zotu9",1284.20833333333
"Zotu902","Zotu902","Bacteria","Proteobacteria","Deltaproteobacteria","Desulfuromonadales","Geobacteraceae","Geobacter","uncultured bacterium","Zotu902",12.25
"Zotu9076","Zotu9076","Bacteria","Proteobacteria","Betaproteobacteria","Rhodocyclales","Rhodocyclaceae","Candidatus Accumulibacter",NA,"Zotu9076",16.125
"Zotu91","Zotu91","Bacteria","Proteobacteria","Betaproteobacteria","Rhodocyclales","Rhodocyclaceae","Denitratisoma",NA,"Zotu91",177.333333333333
"Zotu92","Zotu92","Bacteria","Spirochaetae","Spirochaetes","Spirochaetales","Leptospiraceae","Turneriella","uncultured organism","Zotu92",171.625
"Zotu9243","Zotu9243","Bacteria","Proteobacteria","Betaproteobacteria","Rhodocyclales","Rhodocyclaceae","uncultured","uncultured bacterium","Zotu9243",38.1666666666667
"Zotu93","Zotu93","Bacteria","Nitrospirae","Nitrospira","Nitrospirales","4-29","uncultured bacterium",NA,"Zotu93",10.125
"Zotu94","Zotu94","Bacteria","Proteobacteria","Deltaproteobacteria","Myxococcales","BIrii41",NA,NA,"Zotu94",109.791666666667
"Zotu9486","Zotu9486","Bacteria","Proteobacteria","Betaproteobacteria","Burkholderiales","Comamonadaceae","uncultured","uncultured bacterium","Zotu9486",73.2083333333333
"Zotu95","Zotu95","Bacteria","Proteobacteria","Betaproteobacteria","Rhodocyclales","Rhodocyclaceae","Denitratisoma",NA,"Zotu95",181.583333333333
"Zotu966","Zotu966","Bacteria","Proteobacteria","Deltaproteobacteria","Desulfuromonadales","Geobacteraceae","Geobacter",NA,"Zotu966",10.7916666666667
"Zotu967","Zotu967","Bacteria","Proteobacteria","Gammaproteobacteria","Methylococcales",NA,NA,NA,"Zotu967",9.625
"Zotu968","Zotu968","Bacteria","Bacteroidetes","SB-5","uncultured bacterium",NA,NA,NA,"Zotu968",8.45833333333333
"Zotu98","Zotu98","Bacteria","Proteobacteria","Betaproteobacteria","Nitrosomonadales","Gallionellaceae","Sideroxydans",NA,"Zotu98",113.708333333333
"Zotu9875","Zotu9875","Bacteria","Proteobacteria","Betaproteobacteria","Rhodocyclales","Rhodocyclaceae","uncultured","uncultured bacterium","Zotu9875",246.25
"Zotu997","Zotu997","Bacteria","Proteobacteria","Betaproteobacteria","Methylophilales","Methylophilaceae",NA,NA,"Zotu997",8.33333333333333
"Zotu998","Zotu998","Bacteria","Acidobacteria","Holophagae","Holophagales","Holophagaceae","uncultured",NA,"Zotu998",11.875
