"label","id","labelDiff","Kingdom","Phylum","Class","Order","Family","Genus","Species","name","abun"
"Zotu1","Zotu1","diff","Bacteria","Proteobacteria","Betaproteobacteria","Rhodocyclales","Rhodocyclaceae",NA,NA,"Zotu1",0.0656114892785916
"Zotu10","Zotu10","diff","Bacteria","Firmicutes","Bacilli","Bacillales","Paenibacillaceae","Paenibacillus","uncultured bacterium","Zotu10",0.0215730718458148
"Zotu100","Zotu100","other","Bacteria","Bacteroidetes","Bacteroidia","Bacteroidales","Porphyromonadaceae","uncultured","uncultured bacterium","Zotu100",0.00205098899455089
"Zotu10065","Zotu10065","other","Bacteria","Proteobacteria","Betaproteobacteria","Rhodocyclales","Rhodocyclaceae",NA,NA,"Zotu10065",0.00124364085169032
"Zotu1011","Zotu1011","other","Bacteria","Proteobacteria","Betaproteobacteria","Burkholderiales","Oxalobacteraceae","Herbaspirillum","uncultured bacterium","Zotu1011",0.000291417736631437
"Zotu1016","Zotu1016","other","Bacteria","Proteobacteria","Betaproteobacteria","Burkholderiales","Comamonadaceae","Hydrogenophaga","uncultured bacterium","Zotu1016",0.00107547126944337
"Zotu102","Zotu102","other","Bacteria","Chlorobi","Ignavibacteria","Ignavibacteriales","BSV26","uncultured bacterium",NA,"Zotu102",0.000175876493062351
"Zotu1025","Zotu1025","other","Bacteria","Proteobacteria","Alphaproteobacteria","Sphingomonadales","Sphingomonadaceae","Sphingomonas","uncultured bacterium","Zotu1025",0.00032182178682287
"Zotu1029","Zotu1029","other","Bacteria","Proteobacteria","Betaproteobacteria","Rhodocyclales","Rhodocyclaceae","uncultured",NA,"Zotu1029",0.000274770725252032
"Zotu103","Zotu103","other","Bacteria","Proteobacteria","Betaproteobacteria","Rhodocyclales","Rhodocyclaceae","uncultured","uncultured bacterium","Zotu103",0.00537692345517082
"Zotu10300","Zotu10300","diff","Bacteria","Proteobacteria","Betaproteobacteria","Nitrosomonadales","Gallionellaceae","Sideroxydans","uncultured bacterium","Zotu10300",0.000376685095852633
"Zotu1033","Zotu1033","other","Bacteria","Deinococcus-Thermus","Deinococci","Thermales","Thermaceae","Meiothermus",NA,"Zotu1033",0.000190019710050797
"Zotu1035","Zotu1035","other","Bacteria","Bacteroidetes","Bacteroidia","Bacteroidales","Porphyromonadaceae","uncultured",NA,"Zotu1035",0.000243770878773914
"Zotu1036","Zotu1036","other","Bacteria","Spirochaetae","Spirochaetes","Spirochaetales","Leptospiraceae","Turneriella","uncultured organism","Zotu1036",0.000135111737562243
"Zotu1041","Zotu1041","other","Bacteria","Fibrobacteres","Fibrobacteria","Fibrobacterales","possible family 01","uncultured microorganism",NA,"Zotu1041",0.000518725118226439
"Zotu10430","Zotu10430","diff","Bacteria","Proteobacteria","Betaproteobacteria","Rhodocyclales","Rhodocyclaceae","uncultured",NA,"Zotu10430",0.00037768109625491
"Zotu1052","Zotu1052","other","Bacteria","Proteobacteria","Alphaproteobacteria","Rhizobiales","Methylobacteriaceae","Meganema","uncultured bacterium","Zotu1052",0.000380939881698456
"Zotu1063","Zotu1063","other","Bacteria","Bacteroidetes","Sphingobacteriia","Sphingobacteriales","Saprospiraceae",NA,NA,"Zotu1063",0.000244800190265275
"Zotu1064","Zotu1064","other","Bacteria","Bacteroidetes","SB-5",NA,NA,NA,NA,"Zotu1064",0.000170900501295164
"Zotu107","Zotu107","other","Bacteria","Proteobacteria","Betaproteobacteria","Burkholderiales","Comamonadaceae","uncultured",NA,"Zotu107",0.00025632965676141
"Zotu109","Zotu109","other","Bacteria","Proteobacteria","Gammaproteobacteria","Xanthomonadales","Xanthomonadales Incertae Sedis","uncultured","uncultured gamma proteobacterium","Zotu109",0.000240719357724942
"Zotu1092","Zotu1092","other","Bacteria","Nitrospirae","Nitrospira","Nitrospirales","4-29",NA,NA,"Zotu1092",0.000192103116538592
"Zotu1113","Zotu1113","other","Bacteria","Firmicutes","Bacilli","Bacillales","Paenibacillaceae","Paenibacillus","uncultured bacterium","Zotu1113",0.000783515234522382
"Zotu1114","Zotu1114","other","Bacteria","Bacteroidetes","Bacteroidia","Bacteroidia Incertae Sedis","Prolixibacteraceae","Prolixibacter","uncultured bacterium","Zotu1114",0.000111930153762539
"Zotu11141","Zotu11141","diff","Bacteria","Proteobacteria","Betaproteobacteria","Rhodocyclales","Rhodocyclaceae","Azospira","uncultured bacterium","Zotu11141",0.00011420597293831
"Zotu1117","Zotu1117","other","Bacteria","Proteobacteria","Deltaproteobacteria","Desulfuromonadales","Geobacteraceae","Geobacter",NA,"Zotu1117",0.000247590516280366
"Zotu112","Zotu112","diff","Bacteria","Proteobacteria","Gammaproteobacteria","Methylococcales",NA,NA,NA,"Zotu112",0.000602444648667011
"Zotu113","Zotu113","other","Bacteria","Proteobacteria","Betaproteobacteria","SC-I-84",NA,NA,NA,"Zotu113",0.000141806497292946
"Zotu1134","Zotu1134","other","Bacteria","Proteobacteria","Deltaproteobacteria","Myxococcales","Haliangiaceae","Haliangium",NA,"Zotu1134",0.000193935143184798
"Zotu1142","Zotu1142","other","Bacteria","Proteobacteria","Betaproteobacteria","Rhodocyclales","Rhodocyclaceae","uncultured",NA,"Zotu1142",0.000191716434250543
"Zotu1147","Zotu1147","other","Bacteria","Bacteroidetes","SB-5","uncultured bacterium",NA,NA,NA,"Zotu1147",0.000177245574881969
"Zotu115","Zotu115","other","Bacteria","Proteobacteria","Deltaproteobacteria","Myxococcales","Cystobacteraceae","Anaeromyxobacter","uncultured bacterium","Zotu115",0.00151094050247312
"Zotu1151","Zotu1151","other","Bacteria","Proteobacteria","Gammaproteobacteria","Methylococcales","Methylococcaceae","Methylomonas","uncultured bacterium","Zotu1151",0.000101384390627981
"Zotu1155","Zotu1155","other","Bacteria","Proteobacteria","Alphaproteobacteria","Sphingomonadales","Sphingomonadaceae","Sphingomonas","uncultured bacterium","Zotu1155",0.000287171494343597
"Zotu11729","Zotu11729","diff","Bacteria","Proteobacteria","Betaproteobacteria","Rhodocyclales","Rhodocyclaceae",NA,NA,"Zotu11729",0.00211299171686391
"Zotu11736","Zotu11736","other","Bacteria","Proteobacteria","Betaproteobacteria","Rhodocyclales","Rhodocyclaceae","Zoogloea",NA,"Zotu11736",0.000170427685392406
"Zotu118","Zotu118","other","Bacteria","Proteobacteria","Gammaproteobacteria","Methylococcales","Methylococcaceae","Methylomicrobium",NA,"Zotu118",0.000198572428241994
"Zotu1198","Zotu1198","other","Bacteria","Firmicutes","Clostridia","Clostridiales","Lachnospiraceae","Mobilitalea","uncultured bacterium","Zotu1198",0.000122492850302933
"Zotu11993","Zotu11993","diff","Bacteria","Proteobacteria","Betaproteobacteria","Nitrosomonadales","Gallionellaceae","Sideroxydans",NA,"Zotu11993",0.000375441473627129
"Zotu12","Zotu12","diff","Bacteria","Proteobacteria","Betaproteobacteria","Nitrosomonadales","Gallionellaceae","Sideroxydans","uncultured bacterium","Zotu12",0.020838133945293
"Zotu1207","Zotu1207","other","Bacteria","Proteobacteria","Betaproteobacteria","Burkholderiales","Comamonadaceae","Rubrivivax","uncultured bacterium","Zotu1207",0.000265689730458997
"Zotu1208","Zotu1208","other","Bacteria","Proteobacteria","Betaproteobacteria","Burkholderiales","Comamonadaceae","uncultured",NA,"Zotu1208",0.000109454136434738
"Zotu12105","Zotu12105","diff","Bacteria","Proteobacteria","Betaproteobacteria","Nitrosomonadales","Nitrosomonadaceae","uncultured",NA,"Zotu12105",0.000272948453745415
"Zotu1223","Zotu1223","diff","Bacteria","Spirochaetae","Spirochaetes","Spirochaetales","Spirochaetaceae","Treponema","uncultured bacterium","Zotu1223",0.000121348905934437
"Zotu1227","Zotu1227","other","Bacteria","Actinobacteria","Actinobacteria","Micromonosporales","Micromonosporaceae","Micromonospora",NA,"Zotu1227",0.000190357180568314
"Zotu123","Zotu123","other","Bacteria","Proteobacteria","Betaproteobacteria","Burkholderiales","Comamonadaceae","Ideonella","uncultured beta proteobacterium","Zotu123",0.00195469212336683
"Zotu12411","Zotu12411","other","Bacteria","Proteobacteria","Betaproteobacteria","Rhodocyclales","Rhodocyclaceae","uncultured",NA,"Zotu12411",0.000105602244811908
"Zotu12413","Zotu12413","other","Bacteria","Proteobacteria","Deltaproteobacteria","Myxococcales","P3OB-42",NA,NA,"Zotu12413",0.000224821798570871
"Zotu125","Zotu125","other","Bacteria","Proteobacteria","Gammaproteobacteria","Chromatiales","Ectothiorhodospiraceae","Thioalkalispira","uncultured bacterium","Zotu125",0.000126566520666629
"Zotu127","Zotu127","diff","Bacteria","Proteobacteria","Betaproteobacteria","Rhodocyclales","Rhodocyclaceae",NA,NA,"Zotu127",0.00194345967043243
"Zotu1276","Zotu1276","other","Bacteria","Proteobacteria","Alphaproteobacteria","Sphingomonadales","Sphingomonadaceae","Sphingobium","uncultured bacterium","Zotu1276",0.000127545319373585
"Zotu12783","Zotu12783","diff","Bacteria","Proteobacteria","Betaproteobacteria","Rhodocyclales","Rhodocyclaceae",NA,NA,"Zotu12783",0.000245587470269102
"Zotu128","Zotu128","other","Bacteria","Proteobacteria","Betaproteobacteria","Burkholderiales","Comamonadaceae",NA,NA,"Zotu128",0.00198805810406556
"Zotu1289","Zotu1289","other","Bacteria","Proteobacteria","Alphaproteobacteria","Rhizobiales","Bradyrhizobiaceae","Bradyrhizobium",NA,"Zotu1289",0.000229869639037222
"Zotu129","Zotu129","diff","Bacteria","Proteobacteria","Deltaproteobacteria","Desulfuromonadales","Geobacteraceae","Geobacter","uncultured bacterium","Zotu129",0.00127748776696763
"Zotu1299","Zotu1299","other","Bacteria","Spirochaetae","Spirochaetes","Spirochaetales","Spirochaetaceae","uncultured","uncultured bacterium","Zotu1299",0.000136858761533983
"Zotu1312","Zotu1312","other","Bacteria","Proteobacteria","Alphaproteobacteria","Rhodobacterales","Rhodobacteraceae","Rhodobacter",NA,"Zotu1312",0.000119122121563305
"Zotu132","Zotu132","other","Bacteria","Chlorobi","Chlorobia","Chlorobiales","SJA-28","uncultured bacterium",NA,"Zotu132",0.000203121558559209
"Zotu1323","Zotu1323","other","Bacteria","Proteobacteria","Deltaproteobacteria","Myxococcales","Cystobacteraceae","Anaeromyxobacter",NA,"Zotu1323",0.000587753960073734
"Zotu13236","Zotu13236","other","Bacteria","Proteobacteria","Betaproteobacteria","Rhodocyclales","Rhodocyclaceae",NA,NA,"Zotu13236",0.000690816751800574
"Zotu133","Zotu133","other","Bacteria","Bacteroidetes","Sphingobacteriia","Sphingobacteriales","WCHB1-69","uncultured bacterium",NA,"Zotu133",0.000199657168942123
"Zotu1331","Zotu1331","diff","Bacteria","Proteobacteria","Gammaproteobacteria","Methylococcales","Methylococcaceae","Methylocaldum","uncultured bacterium","Zotu1331",0.000221731689519821
"Zotu1339","Zotu1339","other","Bacteria","Actinobacteria","Coriobacteriia","Coriobacteriales",NA,NA,NA,"Zotu1339",0.000183336721725618
"Zotu135","Zotu135","other","Bacteria","Proteobacteria","Betaproteobacteria","Nitrosomonadales","Nitrosomonadaceae","uncultured","uncultured soil bacterium","Zotu135",0.000535377943594756
"Zotu1351","Zotu1351","other","Bacteria","Proteobacteria","Deltaproteobacteria","Myxococcales","Polyangiaceae","Byssovorax","uncultured bacterium","Zotu1351",0.000139454473425798
"Zotu13577","Zotu13577","other","Bacteria","Proteobacteria","Deltaproteobacteria","Myxococcales","P3OB-42",NA,NA,"Zotu13577",0.00019281518464537
"Zotu1358","Zotu1358","other","Bacteria","Proteobacteria","Betaproteobacteria","Burkholderiales","Oxalobacteraceae","Herbaspirillum",NA,"Zotu1358",0.000225050904552405
"Zotu1359","Zotu1359","other","Bacteria","Proteobacteria","Deltaproteobacteria","Myxococcales","Cystobacteraceae","Anaeromyxobacter","uncultured bacterium","Zotu1359",0.000184971261600872
"Zotu13667","Zotu13667","other","Bacteria","Proteobacteria","Betaproteobacteria","Rhodocyclales","Rhodocyclaceae",NA,NA,"Zotu13667",0.000112412734547353
"Zotu13684","Zotu13684","other","Bacteria","Proteobacteria","Betaproteobacteria","Rhodocyclales","Rhodocyclaceae",NA,NA,"Zotu13684",0.000191558858772029
"Zotu13752","Zotu13752","diff","Bacteria","Proteobacteria","Betaproteobacteria","Nitrosomonadales","Gallionellaceae","Ferriphaselus","uncultured bacterium","Zotu13752",0.000192515847536671
"Zotu1386","Zotu1386","other","Bacteria","Proteobacteria","Deltaproteobacteria","Myxococcales","P3OB-42",NA,NA,"Zotu1386",0.000496373467995698
"Zotu14","Zotu14","other","Bacteria","Proteobacteria","Deltaproteobacteria","43F-1404R","uncultured bacterium",NA,NA,"Zotu14",0.00121443806829107
"Zotu140","Zotu140","other","Bacteria","Proteobacteria","Deltaproteobacteria","Myxococcales","Cystobacteraceae","Anaeromyxobacter","uncultured bacterium","Zotu140",0.00189657701757762
"Zotu1400","Zotu1400","other","Bacteria","Verrucomicrobia","OPB35 soil group","uncultured bacterium",NA,NA,NA,"Zotu1400",0.000212098224899905
"Zotu14053","Zotu14053","diff","Bacteria","Proteobacteria","Deltaproteobacteria","Myxococcales","Cystobacteraceae","Anaeromyxobacter","uncultured bacterium","Zotu14053",0.000594647368187681
"Zotu14058","Zotu14058","diff","Bacteria","Proteobacteria","Deltaproteobacteria","Myxococcales","Cystobacteraceae","Anaeromyxobacter","uncultured bacterium","Zotu14058",0.000375249409551175
"Zotu141","Zotu141","other","Bacteria","Chlorobi","Chlorobia","Chlorobiales","SJA-28","uncultured bacterium",NA,"Zotu141",0.000118901369425817
"Zotu14124","Zotu14124","other","Bacteria","Proteobacteria","Deltaproteobacteria","Myxococcales","P3OB-42","uncultured soil bacterium",NA,"Zotu14124",0.000479722024588634
"Zotu14156","Zotu14156","other","Bacteria","Proteobacteria","Deltaproteobacteria","Myxococcales","Cystobacteraceae","Anaeromyxobacter",NA,"Zotu14156",0.000339584790148034
"Zotu1417","Zotu1417","other","Bacteria","Proteobacteria","Deltaproteobacteria","Desulfuromonadales","Geobacteraceae","Geobacter",NA,"Zotu1417",0.00012171521750839
"Zotu14179","Zotu14179","diff","Bacteria","Proteobacteria","Betaproteobacteria","Nitrosomonadales","Gallionellaceae","Sideroxydans","uncultured bacterium","Zotu14179",0.000293743584011617
"Zotu142","Zotu142","diff","Bacteria","Proteobacteria","Alphaproteobacteria","Rhizobiales","Bradyrhizobiaceae","Bosea",NA,"Zotu142",0.00105089007406386
"Zotu14275","Zotu14275","diff","Bacteria","Proteobacteria","Betaproteobacteria","Rhodocyclales","Rhodocyclaceae","uncultured",NA,"Zotu14275",0.0016824208776081
"Zotu1450","Zotu1450","other","Bacteria","Proteobacteria","Deltaproteobacteria","Myxococcales","P3OB-42","uncultured soil bacterium",NA,"Zotu1450",0.000192242503027422
"Zotu1451","Zotu1451","other","Bacteria","Proteobacteria","Betaproteobacteria","Rhodocyclales","Rhodocyclaceae","Denitratisoma","uncultured bacterium","Zotu1451",0.000231536642760905
"Zotu1465","Zotu1465","other","Bacteria","Proteobacteria","Gammaproteobacteria","Methylococcales","Methylococcaceae","Methylocaldum","uncultured bacterium","Zotu1465",0.000203616109233533
"Zotu14682","Zotu14682","diff","Bacteria","Proteobacteria","Betaproteobacteria","Rhodocyclales","Rhodocyclaceae",NA,NA,"Zotu14682",0.00279031045773135
"Zotu1476","Zotu1476","other","Bacteria","Proteobacteria","Betaproteobacteria","Rhodocyclales","Rhodocyclaceae","Sulfuritalea",NA,"Zotu1476",0.000114374695447079
"Zotu1481","Zotu1481","other","Bacteria","Proteobacteria","Deltaproteobacteria","Myxococcales","P3OB-42","uncultured soil bacterium",NA,"Zotu1481",0.000224107684951404
"Zotu1482","Zotu1482","other","Bacteria","Proteobacteria","Deltaproteobacteria","Myxococcales","Haliangiaceae","Haliangium","uncultured delta proteobacterium","Zotu1482",0.000118179715879512
"Zotu149","Zotu149","diff","Bacteria","Proteobacteria","Gammaproteobacteria","Methylococcales",NA,NA,NA,"Zotu149",0.00041492209429622
"Zotu14902","Zotu14902","other","Bacteria","Proteobacteria","Betaproteobacteria","Rhodocyclales","Rhodocyclaceae",NA,NA,"Zotu14902",0.000130616022891408
"Zotu15","Zotu15","other","Bacteria","Bacteroidetes","SB-5","uncultured bacterium",NA,NA,NA,"Zotu15",0.0155356024478414
"Zotu150","Zotu150","other","Bacteria","Bacteroidetes","Bacteroidetes vadinHA17","uncultured bacterium",NA,NA,NA,"Zotu150",0.000147092916649388
"Zotu152","Zotu152","other","Bacteria","Proteobacteria","Deltaproteobacteria","Myxococcales","Vulgatibacteraceae","Vulgatibacter","uncultured compost bacterium","Zotu152",0.00312099738136049
"Zotu1527","Zotu1527","other","Bacteria","Actinobacteria","Actinobacteria","Frankiales","Geodermatophilaceae","uncultured","uncultured bacterium","Zotu1527",0.000137868601491321
"Zotu1533","Zotu1533","diff","Bacteria","Fibrobacteres","Fibrobacteria","Fibrobacterales","Fibrobacteraceae","possible genus 04",NA,"Zotu1533",0.000130592680328607
"Zotu15394","Zotu15394","other","Bacteria","Proteobacteria","Deltaproteobacteria","Myxococcales","Cystobacteraceae","Anaeromyxobacter","uncultured bacterium","Zotu15394",0.000546951057919187
"Zotu15453","Zotu15453","other","Bacteria","Proteobacteria","Betaproteobacteria","Rhodocyclales","Rhodocyclaceae",NA,NA,"Zotu15453",0.000280618909731311
"Zotu1550","Zotu1550","other","Bacteria","Proteobacteria","Deltaproteobacteria","Myxococcales","Polyangiaceae","Byssovorax","uncultured bacterium","Zotu1550",0.00015329801855686
"Zotu1553","Zotu1553","other","Bacteria","Chloroflexi","Chloroflexia","Chloroflexales","Roseiflexaceae","Roseiflexus","uncultured bacterium","Zotu1553",0.000106018682506109
"Zotu157","Zotu157","diff","Bacteria","Actinobacteria","Actinobacteria","Kineosporiales","Kineosporiaceae","Kineosporia","uncultured bacterium","Zotu157",0.00195848939945046
"Zotu15758","Zotu15758","other","Bacteria","Nitrospirae","Nitrospira","Nitrospirales","4-29","uncultured bacterium",NA,"Zotu15758",0.000122800484403286
"Zotu15992","Zotu15992","other","Bacteria","Proteobacteria","Deltaproteobacteria","Myxococcales","Cystobacteraceae","Anaeromyxobacter","uncultured bacterium","Zotu15992",0.000882900753019737
"Zotu16","Zotu16","other","Bacteria","Fibrobacteres","Fibrobacteria","Fibrobacterales","possible family 01","uncultured microorganism",NA,"Zotu16",0.0144025766218604
"Zotu16045","Zotu16045","other","Bacteria","Proteobacteria","Betaproteobacteria","Nitrosomonadales","Gallionellaceae","Ferriphaselus","uncultured bacterium","Zotu16045",0.000476542785602246
"Zotu161","Zotu161","other","Bacteria","Proteobacteria","Alphaproteobacteria","Rhodospirillales",NA,NA,NA,"Zotu161",0.000112925391657257
"Zotu16105","Zotu16105","other","Bacteria","Nitrospirae","Nitrospira","Nitrospirales","4-29","uncultured bacterium",NA,"Zotu16105",0.000224867517514006
"Zotu16155","Zotu16155","other","Bacteria","Proteobacteria","Deltaproteobacteria","Myxococcales","P3OB-42",NA,NA,"Zotu16155",0.000222263126720096
"Zotu16172","Zotu16172","other","Bacteria","Proteobacteria","Deltaproteobacteria","Myxococcales",NA,NA,NA,"Zotu16172",0.00242856213258954
"Zotu162","Zotu162","other","Bacteria","Proteobacteria","Deltaproteobacteria","Myxococcales","Cystobacteraceae","Anaeromyxobacter","uncultured bacterium","Zotu162",0.000256011082086603
"Zotu16255","Zotu16255","diff","Bacteria","Proteobacteria","Deltaproteobacteria","Myxococcales","Haliangiaceae","Haliangium",NA,"Zotu16255",0.000195910502917036
"Zotu163","Zotu163","other","Bacteria","Verrucomicrobia","OPB35 soil group","uncultured bacterium",NA,NA,NA,"Zotu163",0.000179329965557851
"Zotu1642","Zotu1642","other","Bacteria","Proteobacteria","Deltaproteobacteria","Myxococcales","BIrii41","uncultured bacterium",NA,"Zotu1642",0.000116966094787047
"Zotu16462","Zotu16462","other","Bacteria","Proteobacteria","Betaproteobacteria","Rhodocyclales","Rhodocyclaceae","uncultured","uncultured bacterium","Zotu16462",0.000147160114512414
"Zotu165","Zotu165","diff","Bacteria","Proteobacteria","Betaproteobacteria","Burkholderiales","Comamonadaceae","uncultured","uncultured bacterium","Zotu165",0.00293739419094361
"Zotu16601","Zotu16601","other","Bacteria","Proteobacteria","Deltaproteobacteria","Myxococcales","Cystobacteraceae",NA,NA,"Zotu16601",0.00116046515960525
"Zotu16602","Zotu16602","other","Bacteria","Proteobacteria","Deltaproteobacteria","Myxococcales","P3OB-42",NA,NA,"Zotu16602",0.000361094612419482
"Zotu16621","Zotu16621","other","Bacteria","Proteobacteria","Betaproteobacteria","Burkholderiales","Comamonadaceae","uncultured","uncultured bacterium","Zotu16621",0.00128523695471846
"Zotu16859","Zotu16859","other","Bacteria","Proteobacteria","Betaproteobacteria","Nitrosomonadales","Gallionellaceae","Sideroxydans","uncultured bacterium","Zotu16859",0.00010770081069603
"Zotu17","Zotu17","other","Bacteria","Proteobacteria","Betaproteobacteria","Burkholderiales","Comamonadaceae","uncultured",NA,"Zotu17",0.0137315548337124
"Zotu170","Zotu170","other","Bacteria","Proteobacteria","Betaproteobacteria","Nitrosomonadales","Gallionellaceae","Sideroxydans",NA,"Zotu170",0.00153548672049513
"Zotu174","Zotu174","diff","Bacteria","Proteobacteria","Betaproteobacteria","Burkholderiales","Comamonadaceae","uncultured",NA,"Zotu174",0.00203458380987292
"Zotu17720","Zotu17720","diff","Bacteria","Proteobacteria","Betaproteobacteria",NA,NA,NA,NA,"Zotu17720",0.00101341386896062
"Zotu178","Zotu178","other","Bacteria","Nitrospirae","Nitrospira","Nitrospirales","4-29","uncultured bacterium",NA,"Zotu178",0.00014485395047676
"Zotu1783","Zotu1783","other","Bacteria","Proteobacteria","Gammaproteobacteria","Xanthomonadales","Xanthomonadales Incertae Sedis",NA,NA,"Zotu1783",0.000138387743442189
"Zotu179","Zotu179","other","Bacteria","Proteobacteria","Deltaproteobacteria","Myxococcales","P3OB-42","uncultured soil bacterium",NA,"Zotu179",0.00183193779369239
"Zotu181","Zotu181","other","Bacteria","Proteobacteria","Deltaproteobacteria","Myxococcales","P3OB-42","uncultured bacterium",NA,"Zotu181",0.0016034143735895
"Zotu182","Zotu182","diff","Bacteria","Proteobacteria","Deltaproteobacteria","Desulfuromonadales","Geobacteraceae","Geobacter","uncultured bacterium","Zotu182",0.000572241159999936
"Zotu183","Zotu183","other","Bacteria","Planctomycetes","vadinHA49","uncultured bacterium",NA,NA,NA,"Zotu183",0.00118690943547684
"Zotu19","Zotu19","other","Bacteria","Proteobacteria","Betaproteobacteria","Rhodocyclales","Rhodocyclaceae",NA,NA,"Zotu19",0.0108273757897683
"Zotu1909","Zotu1909","other","Bacteria","Proteobacteria","Betaproteobacteria","Neisseriales","Neisseriaceae","Vogesella","uncultured bacterium","Zotu1909",0.000119260797481171
"Zotu191","Zotu191","diff","Bacteria","Actinobacteria","Actinobacteria","Kineosporiales","Kineosporiaceae",NA,NA,"Zotu191",0.000896985428800804
"Zotu1929","Zotu1929","other","Bacteria","Proteobacteria","Betaproteobacteria","Burkholderiales","Comamonadaceae","uncultured",NA,"Zotu1929",0.000176633230303206
"Zotu193","Zotu193","diff","Bacteria","Bacteroidetes","Bacteroidia","Bacteroidia Incertae Sedis","Prolixibacteraceae","Prolixibacter","uncultured bacterium","Zotu193",0.00098285881235741
"Zotu1941","Zotu1941","diff","Bacteria","Fibrobacteres","Fibrobacteria","Fibrobacterales","Fibrobacteraceae","uncultured","uncultured bacterium","Zotu1941",0.000144181439793723
"Zotu195","Zotu195","other","Bacteria","Proteobacteria","Deltaproteobacteria","Myxococcales","Polyangiaceae","Byssovorax","uncultured bacterium","Zotu195",0.00105754947381148
"Zotu1983","Zotu1983","other","Bacteria","Proteobacteria","Alphaproteobacteria",NA,NA,NA,NA,"Zotu1983",0.000187998878326508
"Zotu2","Zotu2","diff","Bacteria","Proteobacteria","Deltaproteobacteria","Myxococcales","P3OB-42",NA,NA,"Zotu2",0.0918728548560697
"Zotu200","Zotu200","other","Bacteria","Proteobacteria","Betaproteobacteria","Burkholderiales","Comamonadaceae","uncultured",NA,"Zotu200",0.00138926759714464
"Zotu208","Zotu208","other","Bacteria","Bacteroidetes","WCHB1-32","uncultured bacterium",NA,NA,NA,"Zotu208",0.000946915611439622
"Zotu209","Zotu209","other","Bacteria","Proteobacteria","Betaproteobacteria","Rhodocyclales","Rhodocyclaceae","uncultured","uncultured bacterium","Zotu209",0.00134117590477926
"Zotu21","Zotu21","diff","Bacteria","Proteobacteria","Betaproteobacteria","Nitrosomonadales","Gallionellaceae","Sideroxydans",NA,"Zotu21",0.00821720966287937
"Zotu210","Zotu210","diff","Bacteria","Proteobacteria","Betaproteobacteria","Burkholderiales","Oxalobacteraceae","Herbaspirillum",NA,"Zotu210",0.00270588903440364
"Zotu211","Zotu211","other","Bacteria","Proteobacteria","Alphaproteobacteria","Rhizobiales","Xanthobacteraceae","Variibacter","uncultured bacterium","Zotu211",0.000371520703118253
"Zotu215","Zotu215","other","Bacteria","Bacteroidetes","SB-5",NA,NA,NA,NA,"Zotu215",0.00103125142582059
"Zotu2150","Zotu2150","other","Bacteria","Proteobacteria","Betaproteobacteria","Nitrosomonadales","Gallionellaceae","Sideroxydans","uncultured beta proteobacterium","Zotu2150",0.000215701041252674
"Zotu216","Zotu216","other","Bacteria","Proteobacteria","Alphaproteobacteria","Sphingomonadales","Sphingomonadaceae","Sphingomonas","uncultured bacterium","Zotu216",0.000173928594464451
"Zotu2162","Zotu2162","other","Bacteria","Proteobacteria","Betaproteobacteria","Burkholderiales","Comamonadaceae","Leptothrix","uncultured bacterium","Zotu2162",0.000112353927519675
"Zotu219","Zotu219","other","Bacteria","Proteobacteria","Deltaproteobacteria","Desulfuromonadales","Geobacteraceae","Geobacter",NA,"Zotu219",0.000152058625186966
"Zotu222","Zotu222","other","Bacteria","Verrucomicrobia","OPB35 soil group","uncultured bacterium",NA,NA,NA,"Zotu222",0.00013526491569823
"Zotu2221","Zotu2221","other","Bacteria","Proteobacteria","Betaproteobacteria","Rhodocyclales","Rhodocyclaceae","Sulfuritalea","uncultured bacterium","Zotu2221",0.000140371705596109
"Zotu226","Zotu226","other","Bacteria","Proteobacteria","Betaproteobacteria","Nitrosomonadales","Gallionellaceae","Ferriphaselus","uncultured bacterium","Zotu226",0.000241850275973416
"Zotu228","Zotu228","other","Bacteria","Nitrospirae","Nitrospira","Nitrospirales","4-29","uncultured bacterium",NA,"Zotu228",0.000109205834355284
"Zotu23","Zotu23","other","Bacteria","Firmicutes","Bacilli","Bacillales","Paenibacillaceae","Paenibacillus","uncultured bacterium","Zotu23",0.00937992906008578
"Zotu231","Zotu231","diff","Bacteria","Proteobacteria","Betaproteobacteria","Burkholderiales","Comamonadaceae","Ideonella",NA,"Zotu231",0.0013327005630211
"Zotu238","Zotu238","other","Bacteria","Proteobacteria","Deltaproteobacteria","Desulfuromonadales","BVA59","uncultured bacterium",NA,"Zotu238",0.000180790574510011
"Zotu239","Zotu239","other","Bacteria","Proteobacteria","Gammaproteobacteria",NA,NA,NA,NA,"Zotu239",0.00101857217004927
"Zotu244","Zotu244","other","Bacteria","Actinobacteria","Actinobacteria","Micrococcales","Intrasporangiaceae","Intrasporangium",NA,"Zotu244",0.000274666160366217
"Zotu247","Zotu247","other","Bacteria","Proteobacteria","Deltaproteobacteria","Desulfuromonadales","BVA18",NA,NA,"Zotu247",0.000147839629733127
"Zotu248","Zotu248","other","Bacteria","Nitrospirae","Nitrospira","Nitrospirales","Nitrospiraceae","uncultured","uncultured bacterium","Zotu248",0.000661201732834037
"Zotu2480","Zotu2480","other","Bacteria","Proteobacteria","Deltaproteobacteria","Desulfuromonadales","M20-Pitesti",NA,NA,"Zotu2480",0.000109956994198949
"Zotu2490","Zotu2490","other","Bacteria","Proteobacteria","Alphaproteobacteria","Rhizobiales","Bradyrhizobiaceae","Bradyrhizobium",NA,"Zotu2490",0.000133879371839013
"Zotu256","Zotu256","other","Bacteria","Chloroflexi","uncultured","uncultured bacterium",NA,NA,NA,"Zotu256",0.000164237297062593
"Zotu257","Zotu257","other","Bacteria","Proteobacteria","Alphaproteobacteria","Sphingomonadales",NA,NA,NA,"Zotu257",0.000336734359401087
"Zotu259","Zotu259","other","Bacteria","Actinobacteria","Actinobacteria","Micrococcales","Intrasporangiaceae",NA,NA,"Zotu259",0.000183265084156114
"Zotu26","Zotu26","other","Bacteria","Proteobacteria","Gammaproteobacteria","Chromatiales","Ectothiorhodospiraceae","Thioalkalispira","uncultured bacterium","Zotu26",0.000584115265442679
"Zotu265","Zotu265","other","Bacteria","Proteobacteria","Deltaproteobacteria","43F-1404R","uncultured Syntrophaceae bacterium",NA,NA,"Zotu265",0.00012466713192571
"Zotu267","Zotu267","other","Bacteria","Proteobacteria","Deltaproteobacteria","Myxococcales","Cystobacteraceae","Anaeromyxobacter","uncultured bacterium","Zotu267",0.000395732143430933
"Zotu270","Zotu270","other","Bacteria","Proteobacteria","Deltaproteobacteria","Desulfuromonadales","Geobacteraceae","Geobacter",NA,"Zotu270",0.000107148441457418
"Zotu2720","Zotu2720","other","Bacteria","Actinobacteria","Actinobacteria","Kineosporiales","Kineosporiaceae","Kineosporia","uncultured bacterium","Zotu2720",0.000442598728587842
"Zotu273","Zotu273","other","Bacteria","Proteobacteria","Betaproteobacteria","Rhodocyclales","Rhodocyclaceae","uncultured","uncultured bacterium","Zotu273",0.000743453291098016
"Zotu285","Zotu285","diff","Bacteria","Proteobacteria","Betaproteobacteria","Methylophilales","Methylophilaceae","uncultured","uncultured bacterium","Zotu285",0.000496797929165472
"Zotu29","Zotu29","other","Bacteria","Bacteroidetes","WCHB1-32","uncultured bacterium",NA,NA,NA,"Zotu29",0.00462636975194058
"Zotu290","Zotu290","other","Bacteria","Proteobacteria","Deltaproteobacteria","Myxococcales","Cystobacteraceae","Anaeromyxobacter","uncultured bacterium","Zotu290",0.000701660318591988
"Zotu293","Zotu293","other","Bacteria","Proteobacteria","Betaproteobacteria","Burkholderiales","Burkholderiaceae","Burkholderia",NA,"Zotu293",0.000602823869345904
"Zotu297","Zotu297","diff","Bacteria","Proteobacteria","Deltaproteobacteria","Desulfuromonadales","Geobacteraceae","Geobacter","uncultured bacterium","Zotu297",0.000476373954013341
"Zotu3","Zotu3","diff","Bacteria","Proteobacteria","Betaproteobacteria","Nitrosomonadales","Gallionellaceae","Sideroxydans",NA,"Zotu3",0.039805491782826
"Zotu30","Zotu30","other","Bacteria","Proteobacteria","Deltaproteobacteria","Myxococcales","Cystobacteraceae","Anaeromyxobacter","uncultured bacterium","Zotu30",0.00868127043415741
"Zotu300","Zotu300","other","Bacteria","Proteobacteria","Alphaproteobacteria","Rhizobiales","Xanthobacteraceae","uncultured","uncultured Hyphomicrobiaceae bacterium","Zotu300",0.000171690375776778
"Zotu302","Zotu302","other","Bacteria","Proteobacteria","Deltaproteobacteria","Bdellovibrionales","Bdellovibrionaceae","OM27 clade","uncultured bacterium","Zotu302",0.000821545505335077
"Zotu306","Zotu306","other","Bacteria","Verrucomicrobia","OPB35 soil group","uncultured soil bacterium",NA,NA,NA,"Zotu306",0.000184826144920453
"Zotu307","Zotu307","other","Bacteria","Firmicutes","Clostridia","Clostridiales","Clostridiaceae 1","Clostridium sensu stricto 12","uncultured bacterium","Zotu307",0.000115389281642641
"Zotu3087","Zotu3087","diff","Bacteria","Proteobacteria","Betaproteobacteria","Burkholderiales","Comamonadaceae","uncultured",NA,"Zotu3087",0.000108056125096547
"Zotu32","Zotu32","other","Bacteria","Proteobacteria","Deltaproteobacteria","43F-1404R","uncultured bacterium",NA,NA,"Zotu32",0.000429578703583101
"Zotu323","Zotu323","diff","Bacteria","Proteobacteria","Alphaproteobacteria","Rhizobiales","Hyphomicrobiaceae","Hyphomicrobium",NA,"Zotu323",0.000483779715687358
"Zotu325","Zotu325","other","Bacteria","Proteobacteria","Deltaproteobacteria","Myxococcales","Cystobacteraceae","Anaeromyxobacter","uncultured bacterium","Zotu325",0.00200571952492592
"Zotu327","Zotu327","other","Bacteria","Bacteroidetes","Bacteroidia","Bacteroidales","Porphyromonadaceae","uncultured","uncultured bacterium","Zotu327",0.00057224636730968
"Zotu33","Zotu33","diff","Bacteria","Proteobacteria","Betaproteobacteria","Burkholderiales","Comamonadaceae","uncultured","Musa ABB Group","Zotu33",0.00650005451120164
"Zotu330","Zotu330","other","Bacteria","Actinobacteria","Actinobacteria","Micrococcales","Microbacteriaceae","Agromyces",NA,"Zotu330",0.000189551391302412
"Zotu334","Zotu334","diff","Bacteria","Proteobacteria","Deltaproteobacteria","Desulfuromonadales","Geobacteraceae","Geobacter",NA,"Zotu334",0.000441841823335725
"Zotu344","Zotu344","other","Bacteria","Proteobacteria","Deltaproteobacteria","Myxococcales","P3OB-42",NA,NA,"Zotu344",0.0019050685229696
"Zotu347","Zotu347","other","Bacteria","Proteobacteria","Alphaproteobacteria","Rhodospirillales","Rhodospirillales Incertae Sedis","Reyranella","uncultured bacterium","Zotu347",0.00012945546283794
"Zotu367","Zotu367","other","Bacteria","Bacteroidetes","SB-5",NA,NA,NA,NA,"Zotu367",0.000677051932712672
"Zotu37","Zotu37","other","Bacteria","Spirochaetae","Spirochaetes","Spirochaetales","Leptospiraceae","uncultured",NA,"Zotu37",0.00542420367735645
"Zotu377","Zotu377","diff","Bacteria","Proteobacteria","Betaproteobacteria","Methylophilales","Methylophilaceae","Methylobacillus",NA,"Zotu377",0.000414289116783616
"Zotu38","Zotu38","diff","Bacteria","Nitrospirae","Nitrospira","Nitrospirales","Nitrospiraceae","uncultured","uncultured bacterium","Zotu38",0.00369253506732094
"Zotu384","Zotu384","other","Bacteria","Acidobacteria","Holophagae","Subgroup 7","uncultured bacterium",NA,NA,"Zotu384",0.000299118670332228
"Zotu388","Zotu388","other","Bacteria","Chloroflexi","uncultured",NA,NA,NA,NA,"Zotu388",0.00017759544935944
"Zotu393","Zotu393","other","Bacteria","Proteobacteria","Deltaproteobacteria","Myxococcales","Polyangiaceae","Polyangium","uncultured bacterium","Zotu393",0.000211187923682648
"Zotu396","Zotu396","other","Bacteria","Proteobacteria","Deltaproteobacteria","Desulfuromonadales","Geobacteraceae","Geobacter","uncultured bacterium","Zotu396",0.00029887852050953
"Zotu397","Zotu397","other","Bacteria","Proteobacteria","Betaproteobacteria","Burkholderiales","Alcaligenaceae","uncultured","uncultured bacterium","Zotu397",0.000319095248229061
"Zotu4","Zotu4","other","Bacteria","Proteobacteria","Betaproteobacteria","Hydrogenophilales","Hydrogenophilaceae","Thiobacillus","uncultured bacterium","Zotu4",0.00243522467642006
"Zotu406","Zotu406","other","Bacteria","Proteobacteria","Gammaproteobacteria",NA,NA,NA,NA,"Zotu406",0.000594952903531777
"Zotu417","Zotu417","other","Bacteria","Proteobacteria","Betaproteobacteria","Burkholderiales","Comamonadaceae","BAL58 marine group",NA,"Zotu417",0.000246986106810277
"Zotu42","Zotu42","other","Bacteria","Bacteroidetes","Bacteroidetes vadinHA17",NA,NA,NA,NA,"Zotu42",0.000593180376817382
"Zotu430","Zotu430","diff","Bacteria","Proteobacteria","Deltaproteobacteria","Desulfuromonadales","Geobacteraceae","Geobacter",NA,"Zotu430",0.00029846932927108
"Zotu431","Zotu431","other","Bacteria","Spirochaetae","Spirochaetes","Spirochaetales","Spirochaetaceae","Spirochaeta 2",NA,"Zotu431",0.000437868421067062
"Zotu432","Zotu432","other","Bacteria","Actinobacteria","Actinobacteria","Micrococcales","Intrasporangiaceae","Intrasporangium",NA,"Zotu432",0.000128175342402496
"Zotu435","Zotu435","other","Bacteria","Proteobacteria","Alphaproteobacteria",NA,NA,NA,NA,"Zotu435",0.000728172558653815
"Zotu44","Zotu44","other","Bacteria","Proteobacteria","Deltaproteobacteria","Myxococcales","Cystobacteraceae","Anaeromyxobacter","uncultured bacterium","Zotu44",0.00651787825839444
"Zotu444","Zotu444","diff","Bacteria","Proteobacteria","Deltaproteobacteria","Myxococcales","Cystobacteraceae","Anaeromyxobacter",NA,"Zotu444",0.000747609209917118
"Zotu446","Zotu446","other","Bacteria","Chloroflexi","Chloroflexia","Chloroflexales","Roseiflexaceae","Roseiflexus","uncultured bacterium","Zotu446",0.00046257380715105
"Zotu447","Zotu447","other","Bacteria","Firmicutes","Clostridia","Clostridiales","Family XII","Acidaminobacter","uncultured bacterium","Zotu447",0.000329536226985238
"Zotu45","Zotu45","other","Bacteria","Proteobacteria","Betaproteobacteria","Nitrosomonadales","Gallionellaceae","Sideroxydans",NA,"Zotu45",0.00207748919031544
"Zotu456","Zotu456","other","Bacteria","Acidobacteria","Holophagae","Subgroup 10","ABS-19","uncultured prokaryote",NA,"Zotu456",0.000116912750187462
"Zotu4560","Zotu4560","other","Bacteria","Proteobacteria","Deltaproteobacteria","Myxococcales","Cystobacteraceae",NA,NA,"Zotu4560",0.000103388826511364
"Zotu4621","Zotu4621","other","Bacteria","Proteobacteria","Betaproteobacteria","Rhodocyclales","Rhodocyclaceae",NA,NA,"Zotu4621",0.000503436310509711
"Zotu465","Zotu465","other","Bacteria","Bacteroidetes","WCHB1-32","uncultured bacterium",NA,NA,NA,"Zotu465",0.000335430259060489
"Zotu466","Zotu466","diff","Bacteria","Firmicutes","Clostridia","Clostridiales","Ruminococcaceae","uncultured","uncultured bacterium","Zotu466",0.000494746684137016
"Zotu473","Zotu473","other","Bacteria","Proteobacteria","Alphaproteobacteria","Rhizobiales",NA,NA,NA,"Zotu473",0.000565768391824919
"Zotu476","Zotu476","other","Bacteria","Proteobacteria","Betaproteobacteria","Nitrosomonadales","Gallionellaceae","Sideroxydans",NA,"Zotu476",0.00170597844359791
"Zotu4790","Zotu4790","other","Bacteria","Proteobacteria","Alphaproteobacteria","Rhizobiales","Rhizobiaceae","Shinella","uncultured bacterium","Zotu4790",0.000347016254096033
"Zotu48","Zotu48","other","Bacteria","Actinobacteria","Actinobacteria","Micrococcales","Intrasporangiaceae","Intrasporangium",NA,"Zotu48",0.00125738224160827
"Zotu480","Zotu480","other","Bacteria","Proteobacteria","Betaproteobacteria","Rhodocyclales","Rhodocyclaceae","uncultured","uncultured bacterium","Zotu480",0.00275106630210044
"Zotu482","Zotu482","other","Bacteria","Proteobacteria","Deltaproteobacteria","Desulfobacterales","Desulfobulbaceae","Desulfobulbus","uncultured bacterium","Zotu482",0.000349205511903225
"Zotu485","Zotu485","diff","Bacteria","Bacteroidetes","Bacteroidia","Bacteroidales","Porphyromonadaceae","uncultured","uncultured bacterium","Zotu485",0.000307899674438309
"Zotu493","Zotu493","other","Bacteria","Actinobacteria","Coriobacteriia","Coriobacteriales","Coriobacteriaceae","uncultured","uncultured bacterium","Zotu493",0.000102003752572959
"Zotu499","Zotu499","other","Bacteria","Proteobacteria","Alphaproteobacteria","Rhodospirillales","Rhodospirillaceae","uncultured",NA,"Zotu499",0.000458259080494205
"Zotu5","Zotu5","other","Bacteria","Firmicutes","Bacilli","Lactobacillales","Carnobacteriaceae","Trichococcus",NA,"Zotu5",0.000451571066281129
"Zotu507","Zotu507","other","Bacteria","Proteobacteria","Deltaproteobacteria","Myxococcales","Polyangiaceae",NA,NA,"Zotu507",0.000510382067763735
"Zotu51","Zotu51","diff","Bacteria","Proteobacteria","Deltaproteobacteria","Desulfuromonadales","Geobacteraceae","Geobacter",NA,"Zotu51",0.00376621687679532
"Zotu511","Zotu511","other","Bacteria","Bacteroidetes","SB-5",NA,NA,NA,NA,"Zotu511",0.00053667109143822
"Zotu512","Zotu512","diff","Bacteria","Proteobacteria","Betaproteobacteria","Rhodocyclales","Rhodocyclaceae","Propionivibrio",NA,"Zotu512",0.000693561167842704
"Zotu517","Zotu517","other","Bacteria","Proteobacteria","Deltaproteobacteria","Myxococcales","Cystobacteraceae",NA,NA,"Zotu517",0.000339710729170233
"Zotu52","Zotu52","diff","Bacteria","Proteobacteria","Alphaproteobacteria","Rhizobiales","Rhizobiaceae","Rhizobium","uncultured bacterium","Zotu52",0.00514554392619947
"Zotu522","Zotu522","other","Bacteria","Bacteroidetes","Bacteroidetes BD2-2",NA,NA,NA,NA,"Zotu522",0.000467041427214762
"Zotu527","Zotu527","diff","Bacteria","Proteobacteria","Gammaproteobacteria","Pseudomonadales","Pseudomonadaceae","Pseudomonas","Pseudomonas psychrotolerans","Zotu527",0.000614568097790177
"Zotu53","Zotu53","other","Bacteria","Bacteroidetes","Bacteroidetes vadinHA17","uncultured bacterium",NA,NA,NA,"Zotu53",0.000272349230373109
"Zotu533","Zotu533","other","Bacteria","Proteobacteria","Deltaproteobacteria","Myxococcales","Cystobacteraceae","Anaeromyxobacter","uncultured bacterium","Zotu533",0.000359255997904277
"Zotu54","Zotu54","other","Bacteria","Bacteroidetes","Bacteroidetes vadinHA17","uncultured bacterium",NA,NA,NA,"Zotu54",0.000276362838289639
"Zotu542","Zotu542","other","Bacteria","Proteobacteria","Betaproteobacteria","Rhodocyclales","Rhodocyclaceae","Denitratisoma","uncultured bacterium","Zotu542",0.000773046049515176
"Zotu546","Zotu546","diff","Bacteria","Firmicutes","Clostridia","Clostridiales","Lachnospiraceae","Mobilitalea","uncultured bacterium","Zotu546",0.000273796858709223
"Zotu547","Zotu547","other","Bacteria","Proteobacteria","Alphaproteobacteria","Rhodospirillales","Rhodospirillales Incertae Sedis","Reyranella","uncultured bacterium","Zotu547",0.000105884141924538
"Zotu558","Zotu558","diff","Bacteria","Proteobacteria","Gammaproteobacteria","Methylococcales","Methylococcaceae","Methylomonas","uncultured bacterium","Zotu558",0.000204363518726056
"Zotu565","Zotu565","other","Bacteria","Chloroflexi","Chloroflexia","Chloroflexales","Roseiflexaceae","Roseiflexus","uncultured bacterium","Zotu565",0.000337902877914006
"Zotu5776","Zotu5776","other","Bacteria","Proteobacteria","Betaproteobacteria","Burkholderiales","Comamonadaceae",NA,NA,"Zotu5776",0.000167938280035068
"Zotu58","Zotu58","other","Bacteria","Proteobacteria","Deltaproteobacteria","Desulfuromonadales","Geobacteraceae","Geobacter",NA,"Zotu58",0.00108411809687578
"Zotu581","Zotu581","other","Bacteria","Proteobacteria","Gammaproteobacteria","Methylococcales","Methylococcaceae","Methylocaldum","uncultured bacterium","Zotu581",0.000240490783034831
"Zotu582","Zotu582","other","Bacteria","Proteobacteria","Alphaproteobacteria","Rhizobiales","Bradyrhizobiaceae","Bradyrhizobium",NA,"Zotu582",0.000168835114527519
"Zotu585","Zotu585","diff","Bacteria","Proteobacteria","Deltaproteobacteria","Desulfovibrionales","Desulfovibrionaceae","Desulfovibrio","uncultured bacterium","Zotu585",0.000357755069451392
"Zotu593","Zotu593","other","Bacteria","Proteobacteria","Alphaproteobacteria","Rhizobiales","Bradyrhizobiaceae","Bradyrhizobium",NA,"Zotu593",0.000569279251282183
"Zotu5941","Zotu5941","other","Bacteria","Proteobacteria","Deltaproteobacteria","Desulfuromonadales","M20-Pitesti",NA,NA,"Zotu5941",0.000213863838622774
"Zotu5944","Zotu5944","other","Bacteria","Proteobacteria","Betaproteobacteria","Rhodocyclales","Rhodocyclaceae","uncultured","uncultured bacterium","Zotu5944",0.000186488332446184
"Zotu6","Zotu6","diff","Bacteria","Proteobacteria","Betaproteobacteria","Burkholderiales","Comamonadaceae",NA,NA,"Zotu6",0.0274583933930776
"Zotu602","Zotu602","diff","Bacteria","Spirochaetae","Spirochaetes","Spirochaetales","Spirochaetaceae","M2PT2-76 termite group",NA,"Zotu602",0.000381746587346938
"Zotu606","Zotu606","other","Bacteria","Proteobacteria","Alphaproteobacteria","Rhizobiales","Rhizobiaceae","Rhizobium",NA,"Zotu606",0.000276978474401934
"Zotu609","Zotu609","other","Bacteria","Proteobacteria","Alphaproteobacteria","Rhizobiales","Bradyrhizobiaceae","Bradyrhizobium",NA,"Zotu609",0.000146370537676119
"Zotu61","Zotu61","diff","Bacteria","Firmicutes","Clostridia","Clostridiales","Family XIII","uncultured",NA,"Zotu61",0.00128340336408576
"Zotu615","Zotu615","other","Bacteria","Proteobacteria","Betaproteobacteria","Burkholderiales","Comamonadaceae","Ideonella","uncultured beta proteobacterium","Zotu615",0.000428842045987847
"Zotu619","Zotu619","other","Bacteria","Firmicutes","Bacilli","Bacillales","Paenibacillaceae","Paenibacillus","uncultured bacterium","Zotu619",0.00124779253819231
"Zotu620","Zotu620","other","Bacteria","Proteobacteria","Deltaproteobacteria","Myxococcales","P3OB-42","uncultured bacterium",NA,"Zotu620",0.000266369956131318
"Zotu6206","Zotu6206","other","Bacteria","Proteobacteria","Betaproteobacteria","Hydrogenophilales","Hydrogenophilaceae","uncultured","uncultured bacterium","Zotu6206",0.00035990428754104
"Zotu622","Zotu622","other","Bacteria","Bacteroidetes","Bacteroidia","Bacteroidales","Marinilabiaceae","Mangroviflexus","uncultured bacterium","Zotu622",0.000277950467245566
"Zotu625","Zotu625","other","Bacteria","Proteobacteria","Alphaproteobacteria","Rhizobiales","Xanthobacteraceae","Variibacter","uncultured bacterium","Zotu625",0.000132815899353554
"Zotu631","Zotu631","diff","Bacteria","Proteobacteria","Gammaproteobacteria","Methylococcales",NA,NA,NA,"Zotu631",0.000175960048660863
"Zotu638","Zotu638","other","Bacteria","Proteobacteria","Deltaproteobacteria","Myxococcales","Haliangiaceae","Haliangium","uncultured bacterium","Zotu638",0.000396372768343414
"Zotu639","Zotu639","other","Bacteria","Proteobacteria","Betaproteobacteria","Rhodocyclales","Rhodocyclaceae","uncultured",NA,"Zotu639",0.000962489512370461
"Zotu6401","Zotu6401","other","Bacteria","Proteobacteria","Deltaproteobacteria","Myxococcales","Myxococcaceae","uncultured","uncultured bacterium","Zotu6401",0.000133261993439635
"Zotu650","Zotu650","other","Bacteria","Planctomycetes","vadinHA49","uncultured bacterium",NA,NA,NA,"Zotu650",0.000244789238902078
"Zotu652","Zotu652","other","Bacteria","Proteobacteria","Betaproteobacteria","Rhodocyclales","Rhodocyclaceae",NA,NA,"Zotu652",0.000449502001673732
"Zotu66","Zotu66","other","Bacteria","Proteobacteria","Deltaproteobacteria","43F-1404R",NA,NA,NA,"Zotu66",0.000256329289829278
"Zotu660","Zotu660","other","Bacteria","Acidobacteria","Holophagae","Subgroup 7","uncultured bacterium",NA,NA,"Zotu660",0.000147978321534532
"Zotu68","Zotu68","other","Bacteria","Bacteroidetes","Bacteroidia","Bacteroidales","Porphyromonadaceae","uncultured","uncultured bacterium","Zotu68",0.00295783288186335
"Zotu682","Zotu682","other","Bacteria","Proteobacteria","Deltaproteobacteria","Desulfuromonadales","Geobacteraceae","Geobacter",NA,"Zotu682",0.000163028214150388
"Zotu6852","Zotu6852","other","Bacteria","Proteobacteria","Deltaproteobacteria","Myxococcales","Cystobacteraceae","Anaeromyxobacter","uncultured bacterium","Zotu6852",0.000682788169376919
"Zotu69","Zotu69","other","Bacteria","Proteobacteria","Betaproteobacteria","Methylophilales","Methylophilaceae","uncultured","uncultured bacterium","Zotu69",0.000984666657826597
"Zotu699","Zotu699","other","Bacteria","Proteobacteria","Deltaproteobacteria","Desulfuromonadales","Geobacteraceae","Geobacter",NA,"Zotu699",0.000153070660012555
"Zotu70","Zotu70","diff","Bacteria","Nitrospirae","Nitrospira","Nitrospirales","4-29","uncultured bacterium",NA,"Zotu70",0.00326374729442954
"Zotu700","Zotu700","other","Bacteria","Proteobacteria","Betaproteobacteria","Rhodocyclales","Rhodocyclaceae","Denitratisoma","uncultured bacterium","Zotu700",0.000578435968010267
"Zotu702","Zotu702","other","Bacteria","Proteobacteria","Deltaproteobacteria","Desulfobacterales","Desulfobulbaceae","Desulfobulbus","uncultured bacterium","Zotu702",0.000108407933978852
"Zotu708","Zotu708","other","Bacteria","Proteobacteria","Betaproteobacteria","Nitrosomonadales","Gallionellaceae","Sideroxydans","uncultured bacterium","Zotu708",0.000253542070060775
"Zotu714","Zotu714","other","Bacteria","Proteobacteria","Betaproteobacteria","Rhodocyclales","Rhodocyclaceae",NA,NA,"Zotu714",0.00057827024585625
"Zotu716","Zotu716","diff","Bacteria","Proteobacteria","Betaproteobacteria","Burkholderiales","Comamonadaceae","Aquabacterium",NA,"Zotu716",0.000444025440218987
"Zotu724","Zotu724","other","Bacteria","Bacteroidetes","SB-5",NA,NA,NA,NA,"Zotu724",0.000362651541105424
"Zotu73","Zotu73","other","Bacteria","Proteobacteria","Deltaproteobacteria","Myxococcales","P3OB-42","uncultured soil bacterium",NA,"Zotu73",0.00437397019472337
"Zotu739","Zotu739","other","Bacteria","Proteobacteria","Alphaproteobacteria","Rhizobiales","Methylocystaceae","Methylocystis",NA,"Zotu739",0.000175058804494781
"Zotu7399","Zotu7399","other","Bacteria","Proteobacteria","Betaproteobacteria","Burkholderiales","Comamonadaceae",NA,NA,"Zotu7399",0.000296057015454739
"Zotu765","Zotu765","other","Bacteria","Proteobacteria","Alphaproteobacteria","Rhizobiales","Rhizobiaceae","Rhizobium","uncultured bacterium","Zotu765",0.000528891049152504
"Zotu77","Zotu77","diff","Bacteria","Proteobacteria","Deltaproteobacteria","Desulfuromonadales","Geobacteraceae","Geobacter",NA,"Zotu77",0.00181651557398443
"Zotu782","Zotu782","other","Bacteria","Proteobacteria","Deltaproteobacteria","Desulfobacterales","Desulfobacteraceae","Sva0081 sediment group",NA,"Zotu782",0.000217179628257919
"Zotu798","Zotu798","other","Bacteria","Proteobacteria","Deltaproteobacteria","Myxococcales","BIrii41","uncultured bacterium",NA,"Zotu798",0.000236612905723025
"Zotu801","Zotu801","other","Bacteria","Proteobacteria","Deltaproteobacteria","Bdellovibrionales","Bacteriovoracaceae","Bacteriovorax","uncultured bacterium","Zotu801",0.000220986796420185
"Zotu81","Zotu81","other","Bacteria","Proteobacteria","Betaproteobacteria","SC-I-84",NA,NA,NA,"Zotu81",0.000179802532470843
"Zotu818","Zotu818","other","Bacteria","Bacteroidetes","Bacteroidia","Bacteroidales","Porphyromonadaceae","uncultured","uncultured bacterium","Zotu818",0.000253936466614733
"Zotu824","Zotu824","other","Bacteria","Spirochaetae","Spirochaetes","Spirochaetales","Spirochaetaceae","uncultured","uncultured bacterium","Zotu824",0.000266434443108438
"Zotu8276","Zotu8276","other","Bacteria","Proteobacteria","Deltaproteobacteria","Myxococcales","P3OB-42","uncultured soil bacterium",NA,"Zotu8276",0.00188674235337798
"Zotu84","Zotu84","other","Bacteria","Latescibacteria","uncultured bacterium",NA,NA,NA,NA,"Zotu84",0.000173189781647236
"Zotu848","Zotu848","diff","Bacteria","Proteobacteria","Betaproteobacteria","Burkholderiales","Oxalobacteraceae","Herbaspirillum","uncultured bacterium","Zotu848",0.000414801032091102
"Zotu851","Zotu851","other","Bacteria","Proteobacteria","Betaproteobacteria","Burkholderiales","Comamonadaceae","uncultured","uncultured bacterium","Zotu851",0.000176568098143475
"Zotu8576","Zotu8576","other","Bacteria","Proteobacteria","Betaproteobacteria","Rhodocyclales","Rhodocyclaceae","Sulfuritalea",NA,"Zotu8576",0.000105792493263144
"Zotu858","Zotu858","other","Bacteria","Proteobacteria","Betaproteobacteria","Burkholderiales","Comamonadaceae",NA,NA,"Zotu858",0.000232173572996205
"Zotu86","Zotu86","other","Bacteria","Acidobacteria","Acidobacteria","Subgroup 3","Unknown Family","Bryobacter","uncultured bacterium","Zotu86",0.000102133742891321
"Zotu869","Zotu869","diff","Bacteria","Spirochaetae","Spirochaetes","Spirochaetales","Leptospiraceae","uncultured",NA,"Zotu869",0.000207976251408026
"Zotu87","Zotu87","other","Bacteria","Bacteroidetes","Sphingobacteriia","Sphingobacteriales","WCHB1-69",NA,NA,"Zotu87",0.000346904975220526
"Zotu873","Zotu873","other","Bacteria","Bacteroidetes","SB-5",NA,NA,NA,NA,"Zotu873",0.000275994648216631
"Zotu876","Zotu876","diff","Bacteria","Proteobacteria","Deltaproteobacteria","Myxococcales",NA,NA,NA,"Zotu876",0.00085381872777835
"Zotu8781","Zotu8781","diff","Bacteria","Proteobacteria","Alphaproteobacteria","Rhodobacterales","Rhodobacteraceae","Tabrizicola","uncultured soil bacterium","Zotu8781",0.000215031520142723
"Zotu88","Zotu88","other","Bacteria","Chlorobi","Ignavibacteria","Ignavibacteriales","BSV26",NA,NA,"Zotu88",0.000177028588266999
"Zotu884","Zotu884","other","Bacteria","Proteobacteria","Alphaproteobacteria","Rhizobiales","Xanthobacteraceae","Variibacter",NA,"Zotu884",0.000102038502183129
"Zotu899","Zotu899","other","Bacteria","Bacteroidetes",NA,NA,NA,NA,NA,"Zotu899",0.000192782130313965
"Zotu9","Zotu9","diff","Bacteria","Proteobacteria","Alphaproteobacteria","Rhizobiales","Bradyrhizobiaceae","Bradyrhizobium",NA,"Zotu9",0.0156952312459135
"Zotu902","Zotu902","other","Bacteria","Proteobacteria","Deltaproteobacteria","Desulfuromonadales","Geobacteraceae","Geobacter","uncultured bacterium","Zotu902",0.000213162922353122
"Zotu9076","Zotu9076","diff","Bacteria","Proteobacteria","Betaproteobacteria","Rhodocyclales","Rhodocyclaceae","Candidatus Accumulibacter",NA,"Zotu9076",0.000197529603922494
"Zotu92","Zotu92","other","Bacteria","Spirochaetae","Spirochaetes","Spirochaetales","Leptospiraceae","Turneriella","uncultured organism","Zotu92",0.00180870506579425
"Zotu9243","Zotu9243","other","Bacteria","Proteobacteria","Betaproteobacteria","Rhodocyclales","Rhodocyclaceae","uncultured","uncultured bacterium","Zotu9243",0.000456917118947267
"Zotu93","Zotu93","other","Bacteria","Nitrospirae","Nitrospira","Nitrospirales","4-29","uncultured bacterium",NA,"Zotu93",0.000345059950092343
"Zotu938","Zotu938","other","Bacteria","Proteobacteria","Betaproteobacteria","Nitrosomonadales","Nitrosomonadaceae","uncultured","uncultured bacterium","Zotu938",0.000284714622676244
"Zotu94","Zotu94","other","Bacteria","Proteobacteria","Deltaproteobacteria","Myxococcales","BIrii41",NA,NA,"Zotu94",0.00215096082094506
"Zotu9486","Zotu9486","other","Bacteria","Proteobacteria","Betaproteobacteria","Burkholderiales","Comamonadaceae","uncultured","uncultured bacterium","Zotu9486",0.000548561313927394
"Zotu968","Zotu968","other","Bacteria","Bacteroidetes","SB-5","uncultured bacterium",NA,NA,NA,"Zotu968",0.000192471479362674
"Zotu976","Zotu976","other","Bacteria","Proteobacteria","Betaproteobacteria","Neisseriales","Neisseriaceae","Vogesella","uncultured bacterium","Zotu976",0.000295293156194902
"Zotu98","Zotu98","other","Bacteria","Proteobacteria","Betaproteobacteria","Nitrosomonadales","Gallionellaceae","Sideroxydans",NA,"Zotu98",0.00176270191577473
"Zotu9875","Zotu9875","diff","Bacteria","Proteobacteria","Betaproteobacteria","Rhodocyclales","Rhodocyclaceae","uncultured","uncultured bacterium","Zotu9875",0.00242081997140863
